名字,性别,年龄,birthplace,财富估值(亿人民币),公司名称,公司位置,富豪榜排名,公司类型,财富变化,一级行业
张一鸣,先生,41,中国-福建-龙岩,49300.0,字节跳动,北京,1,社交媒体,43%,科技与互联网
钟睒睒,先生,70,中国-浙江-绍兴,47900.0,养生堂,浙江杭州,2,饮料、医疗保健,-24%,消费品
钟睒睒,先生,70,中国-浙江-绍兴,47900.0,养生堂,浙江杭州,2,饮料、医疗保健,-24%,医疗健康
马化腾,先生,53,中国-海南,44400.0,腾讯,广东深圳,3,互联网服务,13%,科技与互联网
黄峥,先生,44,中国-浙江-杭州,34500.0,拼多多,上海长宁,4,购物网站,-9%,科技与互联网
何享健,先生,82,中国-广东-佛山,33100.0,美的,广东佛山,5,家电制造,18%,制造业
曾毓群,先生,56,中国-福建-宁德,28200.0,宁德时代,福建宁德,6,锂电池,-20%,制造业
丁磊,先生,53,中国-浙江-宁波,28200.0,网易,浙江杭州,6,互联网技术,-17%,科技与互联网
李嘉诚、李泽钜,先生,96,中国-香港,28200.0,长江实业,香港,6,投资,-5%,金融与投资
李兆基,先生,96,中国-广东-佛山,24600.0,恒基兆业,香港,9,房地产,9%,房地产与建筑
马云,先生,60,中国-浙江-杭州,23200.0,阿里系,浙江杭州,10,电子商务、金融科技,-3%,科技与互联网
马云,先生,60,中国-浙江-杭州,23200.0,阿里系,浙江杭州,10,电子商务、金融科技,-3%,金融与投资
李书福,先生,61,中国-浙江-台州,20400.0,吉利,浙江杭州,11,汽车制造,-17%,制造业
严昊,先生,38,中国-江苏-淮安,20400.0,太平洋建设,新疆乌鲁木齐,11,基础建设,-3%,房地产与建筑
张刚,先生,43,中国-山东-聊城,20400.0,信发铝电,山东聊城,11,电解铝、氧化铝,7%,能源与化工
李蔡美灵,先生,未知,中国-香港,19700.0,李锦记,香港,14,调味品,0%,农业与食品
吕向阳、张长虹,先生,61,中国-安徽-芜湖,19700.0,融捷,广东广州,14,投资,0%,金融与投资
秦英林、钱瑛,先生,59,中国-河南-南阳,19000.0,牧原,河南南阳,16,畜牧,-7%,农业与食品
王传福,先生,58,中国-安徽-芜湖,19000.0,比亚迪,广东深圳,16,汽车、充电电池,0%,能源与化工
王传福,先生,58,中国-安徽-芜湖,19000.0,比亚迪,广东深圳,16,汽车、充电电池,0%,制造业
赵长鹏,先生,47,中国-江苏-连云港,19000.0,币安,美国,16,虚拟货币交易所,200%,科技与互联网
雷军,先生,55,中国-湖北-仙桃,18300.0,小米,北京,19,智能硬件与技术、投资,38%,科技与互联网
雷军,先生,55,中国-湖北-仙桃,18300.0,小米,北京,19,智能硬件与技术、投资,38%,金融与投资
陈建华、范红卫,先生,53,中国-江苏-苏州,17600.0,恒力,江苏苏州,20,化纤、石化、房地产,0%,房地产与建筑
陈建华、范红卫,先生,53,中国-江苏-苏州,17600.0,恒力,江苏苏州,20,化纤、石化、房地产,0%,能源与化工
张志东,先生,52,中国-广东-东莞,17600.0,腾讯,广东深圳,20,互联网服务,14%,科技与互联网
刘永行、刘相宇,先生,76,中国-四川-成都,16900.0,东方希望,上海浦东,22,氧化铝、重化工、饲料,-8%,农业与食品
刘永行、刘相宇,先生,76,中国-四川-成都,16900.0,东方希望,上海浦东,22,氧化铝、重化工、饲料,-8%,能源与化工
王卫,先生,54,中国-上海,15500.0,顺丰,广东深圳,23,快递,-12%,物流与交通
魏建军、韩雪娟,先生,60,中国-河北-保定,15500.0,长城,河北保定,23,汽车制造,-8%,制造业
郑淑良,先生,78,中国-山东,15500.0,魏桥创业,山东滨州,23,铝业、纺织,31%,能源与化工
郑淑良,先生,78,中国-山东,15500.0,魏桥创业,山东滨州,23,铝业、纺织,31%,消费品
李西廷,先生,73,中国-安徽-宿州,14100.0,迈瑞,广东深圳,26,医疗器械,0%,制造业
党彦宝,先生,51,,13400.0,宝丰,宁夏银川,27,煤化工,0%,能源与化工
徐航,先生,62,中国-广东-广州,13400.0,迈瑞、鹏瑞,广东深圳,27,医疗器械、房地产,-5%,房地产与建筑
徐航,先生,62,中国-广东-广州,13400.0,迈瑞、鹏瑞,广东深圳,27,医疗器械、房地产,-5%,制造业
郑家纯,先生,76,中国-香港,13400.0,周大福,香港,27,珠宝,-27%,消费品
郭台铭,先生,74,中国-台湾-新北,13100.0,鸿海,台湾台北,30,电子制造,55%,制造业
吴光正,先生,78,中国-上海,13100.0,会德丰,香港,30,房地产,-7%,房地产与建筑
刘銮雄,先生,73,中国-香港,12800.0,华人置业,香港,32,房地产,-1%,房地产与建筑
黄世霖,先生,57,中国-福建-宁德,12500.0,宁德时代,福建宁德,33,锂电池,-23%,制造业
王兴,先生,45,中国-福建-龙岩,12500.0,美团,北京,34,生活服务,-29%,服务业
庞康,先生,68,中国-广东-佛山,12300.0,海天味业,广东佛山,35,调味品,9%,农业与食品
杜纪川,先生,83,中国-重庆,12000.0,金士顿科技,美国洛杉矶,36,半导体,6%,科技与互联网
孙大卫,先生,73,中国-台湾-台北,12000.0,金士顿科技,美国洛杉矶,36,半导体,6%,科技与互联网
林立,先生,61,中国-广东-河源,11400.0,立业,广东深圳,38,投资,-10%,金融与投资
宗馥莉,女士,未知,,11400.0,娃哈哈,浙江杭州,38,饮料,-15%,消费品
吕志和,先生,95,中国-香港,11300.0,银河,香港,40,博彩,-36%,服务业
严彬,先生,70,中国-河南-新乡,11300.0,华彬,北京,40,饮料、地产,-20%,房地产与建筑
严彬,先生,70,中国-河南-新乡,11300.0,华彬,北京,40,饮料、地产,-20%,消费品
钟慧娟,女士,63,,10800.0,翰森,江苏连云港,42,医药,83%,医疗健康
李泽楷,先生,58,中国-香港,10600.0,电讯盈科,香港,43,电信,-3%,科技与互联网
蔡浩宇,先生,37,中国-山东-济南,10300.0,米哈游,上海,44,游戏,9%,科技与互联网
张聪渊,先生,76,中国-台湾-桃园,10100.0,华利实业,广东中山,45,鞋业,24%,消费品
刘汉元、管亚梅,先生,60,中国-四川-眉山,9860.0,通威,四川成都,46,新能源、农业,-26%,农业与食品
刘汉元、管亚梅,先生,60,中国-四川-眉山,9860.0,通威,四川成都,46,新能源、农业,-26%,能源与化工
林百里,先生,75,中国-上海,9790.0,广达电脑,台湾桃园,47,消费电子产品,10%,科技与互联网
刘永好,先生,73,中国-四川-成都,9720.0,新希望,四川成都,48,农业、化工、金融,-20%,农业与食品
刘永好,先生,73,中国-四川-成都,9720.0,新希望,四川成都,48,农业、化工、金融,-20%,能源与化工
刘永好,先生,73,中国-四川-成都,9720.0,新希望,四川成都,48,农业、化工、金融,-20%,金融与投资
蔡崇信,先生,60,中国-台湾,9580.0,阿里系,浙江杭州,49,电子商务、金融科技,42%,科技与互联网
蔡崇信,先生,60,中国-台湾,9580.0,阿里系,浙江杭州,49,电子商务、金融科技,42%,金融与投资
陈东升,先生,67,中国-湖北-荆门,9440.0,泰康,北京,50,保险,-4%,金融与投资
项光达,先生,66,中国-浙江-温州,9440.0,青山控股,浙江温州,50,钢铁,97%,能源与化工
于泳,先生,未知,,9440.0,鸿商产业,上海浦东,50,钼矿,6%,能源与化工
张国华,先生,69,中国-台湾-台北,9440.0,长荣集团,台湾台北,50,物流、钢铁,38%,物流与交通
张国华,先生,69,中国-台湾-台北,9440.0,长荣集团,台湾台北,50,物流、钢铁,38%,能源与化工
邝肖卿,女士,95,中国-香港,9370.0,新鸿基,香港,54,房地产,-8%,房地产与建筑
孙飘扬,先生,66,中国-江苏-镇江,9150.0,恒瑞,江苏连云港,55,医药,7%,医疗健康
周群飞、郑俊龙,女士,54,中国-湖南-湘潭,8940.0,蓝思科技,湖南长沙,56,电子器件制造,40%,制造业
王来胜、王雅媛,先生,60,中国-广东-汕头,8870.0,立讯精密,广东深圳,57,消费电子,17%,制造业
徐浩宇,先生,52,中国-江苏-泰州,8870.0,扬子江药业,江苏泰州,57,医药,5%,医疗健康
王来春,女士,57,中国-广东-汕头,8730.0,立讯精密,广东深圳,59,消费电子,17%,制造业
朱保国,先生,62,中国-河南-新乡,8730.0,健康元,广东深圳,59,医药,-3%,医疗健康
龚虹嘉、陈春梅,先生,59,,8660.0,海康威视,浙江杭州,61,视频监控产品,-13%,制造业
岑均达,先生,未知,,8590.0,恒瑞、翰森,江苏连云港,62,医药,22%,医疗健康
梁稳根、梁在中,先生,68,中国-湖南-娄底,8450.0,三一,北京,63,重型机械,-15%,制造业
王玉锁、赵宝菊,先生,60,中国-河北-廊坊,8450.0,新奥,河北廊坊,63,天然气、能源化工,9%,能源与化工
陈天桥、雒芊芊,先生,51,中国-浙江-绍兴,8310.0,盛大,上海浦东,65,投资,11%,金融与投资
汪俊林,先生,62,中国-四川-眉山,8310.0,郎酒,四川成都,65,白酒,-17%,消费品
杜双华,先生,59,中国-河北-衡水,8100.0,日照钢铁,山东日照,67,钢铁,1%,能源与化工
陈丽华,女士,83,中国-北京,7750.0,富华,北京,68,房地产、紫檀博物馆,-5%,房地产与建筑
陈丽华,女士,83,中国-北京,7750.0,富华,北京,68,房地产、紫檀博物馆,-5%,服务业
李水荣,先生,68,中国-浙江,7750.0,荣盛控股,浙江杭州,68,化纤,-19%,能源与化工
张勇、舒萍,先生,53,中国-四川-成都,7610.0,海底捞,北京,70,餐饮,-28%,服务业
李彦宏、马东敏,先生,56,中国-山西-阳泉,7390.0,百度,北京,71,网络信息服务,-36%,科技与互联网
曹仁贤、苏蕾,先生,56,中国-浙江-杭州,7320.0,阳光电源,安徽合肥,72,光伏设备,8%,制造业
刘强东、章泽天,先生,50,中国-江苏-宿迁,7320.0,京东,北京,72,电子商务、金融,-13%,科技与互联网
刘强东、章泽天,先生,50,中国-江苏-宿迁,7320.0,京东,北京,72,电子商务、金融,-13%,金融与投资
林木勤、林煜鹏,先生,60,中国-广东-深圳,7180.0,东鹏饮料,广东深圳,74,食品饮料,17%,消费品
朱义,先生,61,,7180.0,百利天恒,四川成都,74,医药,89%,医疗健康
汪立平,先生,58,中国-江苏-无锡,7040.0,恒立液压,江苏常州,76,高压油缸,-18%,制造业
许仰天,先生,40,山东-淄博,7040.0,希音,广东广州,76,电商,0%,科技与互联网
严昕,女士,41,中国-江苏-淮安,7040.0,苏商,上海,76,基础设施建设,6%,房地产与建筑
林斌,先生,56,,6900.0,小米,北京,79,智能硬件与技术,42%,科技与互联网
罗立国,先生,68,中国-浙江-宁波,6900.0,合盛,浙江宁波,79,硅材料,-18%,能源与化工
吴亚军,女士,60,中国-重庆,6900.0,龙湖,北京,79,房地产,-26%,房地产与建筑
裴振华、容建芬,先生,未知,,6760.0,天华超净,江苏苏州,82,超净产品,-23%,制造业
许世辉,先生,67,中国-福建-泉州,6760.0,达利食品,福建泉州,82,食品,4%,农业与食品
蔡明兴,先生,67,中国-台湾,6480.0,富邦,台湾台北,84,金融服务,33%,金融与投资
陈邦,先生,59,中国-湖南-长沙,6480.0,爱尔眼科,湖南长沙,84,医疗服务,-43%,医疗健康
黄楚龙,先生,65,中国-广东-揭阳,6340.0,星河,广东深圳,86,房地产、投资,-8%,房地产与建筑
黄楚龙,先生,65,中国-广东-揭阳,6340.0,星河,广东深圳,86,房地产、投资,-8%,金融与投资
李华,先生,58,中国-四川,6340.0,卓越,广东深圳,86,房地产,-33%,房地产与建筑
蔡明忠,先生,68,中国-台湾,6200.0,富邦,台湾台北,88,金融服务,38%,金融与投资
谢青,先生,未知,中国-北京,6200.0,飞塔,美国旧金山,88,网路安全,24%,科技与互联网
李天颖,先生,未知,中国-香港,6130.0,新鸿基,香港,90,房地产,-4%,房地产与建筑
米高·嘉道理,先生,83,中国-香港,6130.0,中电,香港,90,能源,6%,能源与化工
陈贤哲,先生,71,中国-台湾,6060.0,北极星,台湾台北,92,投资,-4%,金融与投资
张虔生,先生,80,中国-台湾,6060.0,日月光,台湾高雄,92,工业品、房地产,21%,房地产与建筑
张虔生,先生,80,中国-台湾,6060.0,日月光,台湾高雄,92,工业品、房地产,21%,制造业
虞仁荣,先生,58,,5990.0,韦尔股份,上海浦东,94,半导体,-4%,科技与互联网
蔡宏图,先生,72,中国-台湾,5920.0,霖园,台湾台北,95,金融服务,29%,金融与投资
杨惠妍,女士,43,中国-广东-佛山,5920.0,碧桂园,广东佛山,95,投资、房地产、教育,-13%,房地产与建筑
杨惠妍,女士,43,中国-广东-佛山,5920.0,碧桂园,广东佛山,95,投资、房地产、教育,-13%,服务业
杨惠妍,女士,43,中国-广东-佛山,5920.0,碧桂园,广东佛山,95,投资、房地产、教育,-13%,金融与投资
沈国军,先生,62,中国-浙江-宁波,5850.0,银泰,北京,97,零售、房地产、物流,-34%,房地产与建筑
沈国军,先生,62,中国-浙江-宁波,5850.0,银泰,北京,97,零售、房地产、物流,-34%,服务业
沈国军,先生,62,中国-浙江-宁波,5850.0,银泰,北京,97,零售、房地产、物流,-34%,物流与交通
宋建波,先生,54,中国-山东-烟台,5850.0,南山,山东烟台,97,铝业、纺织、房地产,11%,房地产与建筑
宋建波,先生,54,中国-山东-烟台,5850.0,南山,山东烟台,97,铝业、纺织、房地产,11%,能源与化工
宋建波,先生,54,中国-山东-烟台,5850.0,南山,山东烟台,97,铝业、纺织、房地产,11%,消费品
霍斯特·帕德威尔,先生,79,中国-香港,5770.0,创科实业,香港,99,消费品,34%,消费品
鲁伟鼎,先生,53,中国-浙江-杭州,5770.0,万向,浙江杭州,99,汽车制造业、房地产、农业,-7%,房地产与建筑
鲁伟鼎,先生,53,中国-浙江-杭州,5770.0,万向,浙江杭州,99,汽车制造业、房地产、农业,-7%,农业与食品
鲁伟鼎,先生,53,中国-浙江-杭州,5770.0,万向,浙江杭州,99,汽车制造业、房地产、农业,-7%,制造业
其实,先生,54,中国-上海,5770.0,东方财富,上海徐汇,99,信息服务,-32%,科技与互联网
阮立平,先生,60,,5770.0,公牛,浙江宁波,99,插座,-7%,消费品
方威,先生,51,中国-辽宁-沈阳,5700.0,方大,北京,103,碳素、钢铁、煤焦,-36%,能源与化工
蒋仁生,先生,71,中国-广西-桂林,5700.0,智飞生物,重庆,103,疫苗,-40%,医疗健康
阮学平,先生,52,,5700.0,公牛,浙江宁波,103,插座,-8%,消费品
朱孟依,先生,65,中国-广东-梅州,5700.0,合生创展,广东广州,103,房地产、投资,-11%,房地产与建筑
朱孟依,先生,65,中国-广东-梅州,5700.0,合生创展,广东广州,103,房地产、投资,-11%,金融与投资
蔡衍明,先生,67,中国-台湾-台北,5630.0,旺旺,台湾台北,107,食品和饮料,-7%,消费品
丁世忠,先生,54,中国-福建-泉州,5630.0,安踏,福建厦门,107,体育用品,-10%,文化娱乐
赖海民,先生,58,中国-广东-揭阳,5630.0,鸿荣源,广东深圳,107,房地产,-20%,房地产与建筑
刘伟,先生,37,,5630.0,米哈游,上海,107,游戏,8%,科技与互联网
苏海文,先生,83,奥地利,5630.0,BW,香港,107,物流,4%,物流与交通
王旭宁,先生,55,中国-北京,5560.0,JS环球生活,香港,112,小家电,126%,制造业
谢华,先生,未知,中国-北京,5490.0,飞塔,美国旧金山,113,网路安全,24%,科技与互联网
蔡政达,先生,未知,中国-台湾,5420.0,霖园,台湾台北,114,金融服务,28%,金融与投资
李平,先生,56,,5420.0,宁德时代,福建宁德,114,锂电池,-23%,制造业
曾芳勤,女士,59,,5350.0,领益智造,广东江门,116,消费电子精密件,38%,科技与互联网
丁世家,先生,60,中国-福建-泉州,5350.0,安踏,福建厦门,116,体育用品,-11%,文化娱乐
罗宇皓,先生,37,,5350.0,米哈游,上海,116,游戏,9%,科技与互联网
沈彬,未知,未知,中国-浙江-杭州,5350.0,沙钢,江苏苏州,116,钢铁,-1%,能源与化工
李小冬,先生,46,,5280.0,冬海集团,新加坡,120,网络游戏、电商,92%,科技与互联网
谢炳,先生,72,中国-广东-汕头,5280.0,中生制药,北京,120,医药,6%,医疗健康
高德康,先生,72,中国-江苏-苏州,5210.0,波司登,江苏苏州,122,服装,19%,消费品
马建荣,先生,59,中国-浙江,5210.0,申洲针织,浙江宁波,122,纺织、服装,-17%,消费品
修涞贵、李艳华,先生,69,中国-吉林,5210.0,修正药业,吉林长春,122,医药,4%,医疗健康
邬建树,先生,60,中国-浙江-宁波,5070.0,拓普,浙江宁波,125,汽车零部件制造,-36%,制造业
陈发树,先生,63,中国-福建-泉州,5000.0,新华都,福建福州,126,医药、零售、投资,-7%,服务业
陈发树,先生,63,中国-福建-泉州,5000.0,新华都,福建福州,126,医药、零售、投资,-7%,医疗健康
陈发树,先生,63,中国-福建-泉州,5000.0,新华都,福建福州,126,医药、零售、投资,-7%,金融与投资
黄如论、黄涛,先生,73,中国-福建-福州,5000.0,世纪金源,北京,126,房地产,0%,房地产与建筑
赖梅松,先生,54,,4930.0,中通,上海青浦,128,物流,-9%,物流与交通
汪滔,先生,44,中国-浙江-杭州,4930.0,大疆,广东深圳,128,无人机,-30%,制造业
张和君,先生,72,,4930.0,德业股份,浙江宁波,128,电器零部件制造,40%,制造业
朱艳,先生,53,中国-陕西-渭南,4790.0,贝壳,北京,131,房地产服务,-7%,房地产与建筑
陈志列、王蓉,先生,61,中国-江苏-无锡,4720.0,研祥,广东深圳,132,特种计算机,8%,科技与互联网
李想,先生,43,,4720.0,理想汽车,北京,132,新能源汽车,-52%,制造业
张忠谋,先生,93,中国-浙江-宁波,4720.0,台积电,台湾新竹,132,半导体,72%,科技与互联网
刘金成、骆锦红,先生,60,中国-湖北-武汉,4650.0,亿纬锂能,广东惠州,135,锂电池,-27%,制造业
张志祥,先生,57,中国-浙江-宁波,4650.0,建龙,北京,135,钢铁、矿业、船运,-1%,物流与交通
张志祥,先生,57,中国-浙江-宁波,4650.0,建龙,北京,135,钢铁、矿业、船运,-1%,能源与化工
李革,先生,57,中国-北京,4580.0,药明康德,上海浦东,137,医药,-28%,医疗健康
林张素娥,先生,未知,,4580.0,联邦,台湾台北,137,房地产、金融,3%,房地产与建筑
林张素娥,先生,未知,,4580.0,联邦,台湾台北,137,房地产、金融,3%,金融与投资
史玉柱、史静,先生,62,中国-安徽-蚌阜,4580.0,巨人,上海松江,137,金融、在线游戏、投资,-8%,科技与互联网
史玉柱、史静,先生,62,中国-安徽-蚌阜,4580.0,巨人,上海松江,137,金融、在线游戏、投资,-8%,金融与投资
陈天石,先生,39,,4510.0,寒武纪,北京,140,人工智能芯片,73%,科技与互联网
何小鹏,先生,47,中国-湖北-黄石,4510.0,小鹏汽车,广东广州,140,新能源汽车,-29%,制造业
胡凯军,先生,62,,4510.0,远大,北京,140,医药,-14%,医疗健康
陈金霞,女士,56,中国-上海,4440.0,涌金投资,上海浦东,143,医药、投资,-2%,医疗健康
陈金霞,女士,56,中国-上海,4440.0,涌金投资,上海浦东,143,医药、投资,-2%,金融与投资
何超琼,女士,62,中国-香港,4370.0,信德、美高梅中国,香港,144,博彩,2%,服务业
郭炳联,先生,72,中国-香港,4300.0,新鸿基,香港,145,房地产,-6%,房地产与建筑
郭基辉,先生,41,中国-香港,4300.0,新鸿基,香港,145,房地产,-6%,房地产与建筑
施永宏、李海燕,先生,54,中国-四川-成都,4300.0,海底捞,北京,145,餐饮,-22%,服务业
程雪,女士,54,中国-江苏-盐城,4230.0,海天味业,广东佛山,148,调味品,9%,农业与食品
董建成,先生,81,中国-上海,4230.0,东方海外,香港,148,运输,0%,物流与交通
林建华、张虹,先生,62,中国-福建,4230.0,福斯特,浙江杭州,148,光伏材料,-25%,能源与化工
刘益谦,先生,61,中国-上海,4230.0,新理益,上海浦东,148,投资,-20%,金融与投资
沈南鹏,先生,57,中国-浙江-嘉兴,4230.0,红杉,北京,148,投资,11%,金融与投资
杨建文,先生,71,中国-香港,4230.0,伯恩光学,香港,148,工业产品,15%,制造业
易峥,先生,54,中国-北京,4230.0,同花顺,浙江杭州,148,软件,-9%,科技与互联网
陈凯旋,先生,66,中国-广东-揭阳,4150.0,立白,广东广州,155,日化用品,-8%,消费品
辜仲立,先生,57,中国-台湾-台北,4150.0,中信金控,台湾台北,155,金融服务,9%,金融与投资
蔡奎,先生,63,中国-四川-资阳,4080.0,龙湖,北京,157,房地产,-26%,房地产与建筑
蔡志明,先生,79,中国-广东-揭阳,4080.0,旭日国际,香港,157,玩具,4%,消费品
米恩华,先生,66,中国-山东-泰安,4080.0,华凌工贸,新疆乌鲁木齐,157,地产、畜牧,2%,房地产与建筑
米恩华,先生,66,中国-山东-泰安,4080.0,华凌工贸,新疆乌鲁木齐,157,地产、畜牧,2%,农业与食品
王健林,先生,70,中国-四川-绵阳,4080.0,万达,北京,157,房地产、文化,-38%,房地产与建筑
王健林,先生,70,中国-四川-绵阳,4080.0,万达,北京,157,房地产、文化,-38%,文化娱乐
吴向东,先生,54,中国-湖南-株洲,4080.0,华泽,北京,157,酒业、投资,-16%,农业与食品
吴向东,先生,54,中国-湖南-株洲,4080.0,华泽,北京,157,酒业、投资,-16%,金融与投资
杨绍鹏,先生,68,中国-山东-青岛,4080.0,海丰,香港,157,航运,21%,物流与交通
尤小平,先生,66,中国-浙江-温州,4080.0,华峰,浙江温州,157,化工、铝业、投资,2%,能源与化工
尤小平,先生,66,中国-浙江-温州,4080.0,华峰,浙江温州,157,化工、铝业、投资,2%,金融与投资
蔡明介,先生,74,中国-台湾,4010.0,联发科技,台湾新竹,164,半导体,50%,科技与互联网
陈华,先生,58,中国-广东-湛江,4010.0,京基,广东深圳,164,房地产、投资,-19%,房地产与建筑
陈华,先生,58,中国-广东-湛江,4010.0,京基,广东深圳,164,房地产、投资,-19%,金融与投资
郭广昌,先生,57,中国-浙江-金华,4010.0,复星,上海黄浦,164,投资,-16%,金融与投资
赵涛,先生,58,中国-陕西-西安,4010.0,步长,北京,164,医药,-3%,医疗健康
钭正刚,先生,71,中国-浙江,3940.0,锦江,浙江杭州,168,能源、化工,12%,能源与化工
李华,先生,46,,3940.0,富途,香港,168,金融服务,4%,金融与投资
孙广信,先生,62,中国-新疆-乌鲁木齐,3940.0,广汇,新疆乌鲁木齐,168,汽车销售、能源、房地产,-11%,房地产与建筑
孙广信,先生,62,中国-新疆-乌鲁木齐,3940.0,广汇,新疆乌鲁木齐,168,汽车销售、能源、房地产,-11%,服务业
孙广信,先生,62,中国-新疆-乌鲁木齐,3940.0,广汇,新疆乌鲁木齐,168,汽车销售、能源、房地产,-11%,能源与化工
徐旭东,先生,83,中国-上海,3940.0,远东,台湾新北,168,金融服务,33%,金融与投资
王宁,先生,37,中国-河南-新乡,3870.0,泡泡玛特,北京,172,玩具,72%,消费品
李贤义,先生,72,中国-福建-泉州,3800.0,信义,香港,173,玻璃,-25%,房地产与建筑
涂辉龙,先生,65,中国-广东-汕尾,3800.0,海雅,广东深圳,173,商业、金融、地产,0%,房地产与建筑
涂辉龙,先生,65,中国-广东-汕尾,3800.0,海雅,广东深圳,173,商业、金融、地产,0%,金融与投资
朱鼎健,先生,50,中国-香港,3800.0,观澜湖,广东深圳,173,房地产,0%,房地产与建筑
梁庆德,先生,87,中国-广东-佛山,3730.0,格兰仕,广东佛山,176,家电,-15%,消费品
夏佐全,先生,61,中国-湖北-襄阳,3730.0,比亚迪,广东深圳,176,汽车、充电电池,-7%,能源与化工
夏佐全,先生,61,中国-湖北-襄阳,3730.0,比亚迪,广东深圳,176,汽车、充电电池,-7%,制造业
叶澄海、廖清清,先生,81,中国-广东-梅州,3730.0,信立泰,广东深圳,176,医药,6%,医疗健康
江南春,先生,51,中国-上海,3660.0,分众传媒,上海长宁,179,数字新媒体、投资,-19%,科技与互联网
江南春,先生,51,中国-上海,3660.0,分众传媒,上海长宁,179,数字新媒体、投资,-19%,金融与投资
李振国、李喜燕,先生,56,中国-河南-许昌,3660.0,隆基,陕西西安,179,硅材料,-37%,能源与化工
林陈海,先生,未知,中国-台湾-台北,3660.0,宝佳,台湾新北,179,房地产,21%,房地产与建筑
林鸿南,先生,57,中国-台湾,3660.0,宏泰,台湾台北,179,投资,6%,金融与投资
刘克振,先生,70,中国-台湾,3660.0,研华,台湾台北,179,电脑产品,8%,制造业
张磊,先生,52,中国-河南-驻马店,3660.0,高瓴资本,美国纽约,179,投资,8%,金融与投资
李春安,先生,56,中国-甘肃-兰州,3590.0,隆基,陕西西安,185,硅材料,-9%,能源与化工
缪汉根、朱红梅,先生,59,中国-江苏-苏州,3590.0,盛虹,江苏苏州,185,印染、化纤、房地产,-35%,能源与化工
缪汉根、朱红梅,先生,59,中国-江苏-苏州,3590.0,盛虹,江苏苏州,185,印染、化纤、房地产,-35%,房地产与建筑
缪汉根、朱红梅,先生,59,中国-江苏-苏州,3590.0,盛虹,江苏苏州,185,印染、化纤、房地产,-35%,制造业
叶国富、杨云云,先生,47,中国-湖北-十堰,3590.0,名创优品,广东广州,185,新零售,-34%,科技与互联网
余竹云,先生,51,中国-浙江-衢州,3590.0,中环新能源,安徽合肥,185,绿色建材、新能源,113%,房地产与建筑
余竹云,先生,51,中国-浙江-衢州,3590.0,中环新能源,安徽合肥,185,绿色建材、新能源,113%,能源与化工
喻会蛟,先生,55,中国-浙江,3590.0,圆通速递,上海青浦,185,物流,0%,物流与交通
周建平,先生,63,中国-江苏-无锡,3590.0,海澜,江苏无锡,185,服装、投资,-12%,消费品
周建平,先生,63,中国-江苏-无锡,3590.0,海澜,江苏无锡,185,服装、投资,-12%,金融与投资
曹德旺,先生,78,中国-福建-福州,3520.0,福耀玻璃,福建福州,191,玻璃,19%,房地产与建筑
杜江涛、郝虹,先生,55,中国-内蒙古-乌海,3520.0,君正,内蒙古乌海,191,煤化工、电力、运输,0%,物流与交通
杜江涛、郝虹,先生,55,中国-内蒙古-乌海,3520.0,君正,内蒙古乌海,191,煤化工、电力、运输,0%,能源与化工
缪寿良,先生,69,中国-广东,3520.0,富源,广东深圳,191,房地产、水电,-7%,房地产与建筑
缪寿良,先生,69,中国-广东,3520.0,富源,广东深圳,191,房地产、水电,-7%,能源与化工
彭铁缆,先生,未知,中国-湖南-长沙,3520.0,博深集团,湖南长沙,191,企业服务,4%,服务业
宋涛,先生,48,,3520.0,米哈游,上海,191,游戏,6%,科技与互联网
严建亚、范代娣,先生,58,,3450.0,巨子生物,陕西西安,196,生物科技,9%,医疗健康
袁征,先生,54,中国-山东,3450.0,zoom,美国旧金山,196,视频软件,-6%,科技与互联网
郭金树,先生,73,中国-内蒙古-鄂尔多斯,3380.0,汇能,内蒙古鄂尔多斯,198,煤炭、路桥、房地产,41%,房地产与建筑
郭金树,先生,73,中国-内蒙古-鄂尔多斯,3380.0,汇能,内蒙古鄂尔多斯,198,煤炭、路桥、房地产,41%,能源与化工
姜滨、胡双美,先生,58,中国-山东-威海,3380.0,歌尔股份,山东潍坊,198,声学及多媒体产品,23%,科技与互联网
许家彰,先生,未知,,3380.0,奇美,台湾台南,198,化工,-4%,能源与化工
姚良松,先生,60,中国-广东-梅州,3380.0,欧派家居,广东广州,198,橱柜,-47%,制造业
朱共山,先生,66,中国-江苏-盐城,3380.0,协鑫,香港,198,太阳能芯片、发电厂,14%,能源与化工
朱共山,先生,66,中国-江苏-盐城,3380.0,协鑫,香港,198,太阳能芯片、发电厂,14%,科技与互联网
曹其峰,先生,78,中国-香港,3310.0,永新,香港,203,杂货,2%,服务业
张茵,女士,67,中国-广东-韶关,3310.0,玖龙纸业,广东东莞,203,环保造纸,-15%,制造业
郑崇华,先生,88,中国-福建-南平,3310.0,台达电子,台湾台北,203,半导体,12%,科技与互联网
陈大年,先生,46,中国-浙江-绍兴,3240.0,掌门科技,上海浦东,206,上网平台,-4%,科技与互联网
廖龙星,先生,未知,中国-台湾,3240.0,长春,台湾台北,206,化工,0%,能源与化工
林书鸿,先生,96,中国-台湾,3240.0,长春,台湾台北,206,化工,0%,能源与化工
王麒诚、吴艳,先生,44,中国-浙江-杭州,3240.0,汉鼎宇佑,浙江杭州,206,文化传媒、投资,2%,文化娱乐
王麒诚、吴艳,先生,44,中国-浙江-杭州,3240.0,汉鼎宇佑,浙江杭州,206,文化传媒、投资,2%,金融与投资
徐波,先生,47,,3240.0,多益网络,广东广州,206,网络游戏,-15%,科技与互联网
许荣茂,先生,74,中国-福建-泉州,3240.0,世茂,上海黄浦,206,投资、房地产,-8%,房地产与建筑
许荣茂,先生,74,中国-福建-泉州,3240.0,世茂,上海黄浦,206,投资、房地产,-8%,金融与投资
郑正,先生,未知,中国-台湾,3240.0,长春,台湾台北,206,化工,0%,能源与化工
董经贵、钱静红,先生,54,,3170.0,雅迪,江苏无锡,213,电动车,-22%,制造业
刘炽平,先生,51,中国-北京,3170.0,腾讯,广东深圳,213,互联网服务,10%,科技与互联网
茅理翔,先生,83,中国-浙江-宁波,3170.0,方太厨具,浙江宁波,213,厨具,-12%,制造业
孙纪木、孙春莉,先生,68,中国-浙江-绍兴,3170.0,新华联合冶金,河北沧州,213,钢铁,-6%,能源与化工
吴光明、吴群,先生,62,中国-江苏-镇江,3170.0,鱼跃医疗,江苏镇江,213,医疗设备,-6%,制造业
尹衍梁,先生,74,中国-台湾-台北,3170.0,润泰,台湾台北,213,建筑开发、金融保险,7%,房地产与建筑
尹衍梁,先生,74,中国-台湾-台北,3170.0,润泰,台湾台北,213,建筑开发、金融保险,7%,金融与投资
张红超,先生,46,中国-河南-商丘,3170.0,蜜雪冰城,河南郑州,213,餐饮,-20%,服务业
张红甫,先生,39,中国-河南-商丘,3170.0,蜜雪冰城,河南郑州,213,餐饮,-20%,服务业
赵燕,女士,57,中国-云南-昆明,3170.0,华熙国际,北京,213,生物医药、房地产,-36%,房地产与建筑
赵燕,女士,57,中国-云南-昆明,3170.0,华熙国际,北京,213,生物医药、房地产,-36%,医疗健康
郑坚江,先生,63,中国-浙江-宁波,3170.0,奥克斯,浙江宁波,213,家电、房地产,67%,房地产与建筑
郑坚江,先生,63,中国-浙江-宁波,3170.0,奥克斯,浙江宁波,213,家电、房地产,67%,消费品
朱林瑶,女士,54,中国-四川,3170.0,华宝国际,广东深圳,213,香精香料、烟草,-4%,消费品
蔡镇宇,先生,71,中国-台湾-台北,3100.0,宝丰隆,台湾台北,224,金融服务,2%,金融与投资
崔根良、崔巍,先生,66,中国-江苏-苏州,3100.0,亨通,江苏苏州,224,电缆、热能电力、投资,-27%,能源与化工
崔根良、崔巍,先生,66,中国-江苏-苏州,3100.0,亨通,江苏苏州,224,电缆、热能电力、投资,-27%,金融与投资
郭建军,先生,未知,,3100.0,汇能,内蒙古鄂尔多斯,224,煤炭、路桥、房地产,26%,房地产与建筑
郭建军,先生,未知,,3100.0,汇能,内蒙古鄂尔多斯,224,煤炭、路桥、房地产,26%,能源与化工
罗才仁,先生,71,中国-台湾-彰化,3100.0,正新橡胶,台湾彰化,224,橡胶,19%,能源与化工
郭梅兰、张寓帅,女士,未知,,3030.0,东阳光,广东深圳,228,医药、电子新材料,13%,能源与化工
郭梅兰、张寓帅,女士,未知,,3030.0,东阳光,广东深圳,228,医药、电子新材料,13%,医疗健康
薛敏,先生,未知,,3030.0,联影医疗,上海嘉定,228,医疗设备,-4%,制造业
赵藤雄,先生,80,中国-台湾,3030.0,远雄,台湾台北,228,房地产,26%,房地产与建筑
陈永泰,先生,88,中国-台湾-台北,2960.0,震旦,台湾台北,231,办公家具、房地产,0%,房地产与建筑
陈永泰,先生,88,中国-台湾-台北,2960.0,震旦,台湾台北,231,办公家具、房地产,0%,消费品
仇建平、王玲玲,先生,62,中国-浙江-杭州,2960.0,巨星科技,浙江杭州,231,工具制造,20%,制造业
马维建,先生,未知,,2960.0,元大,台湾台北,231,金融服务,17%,金融与投资
郭恩元,先生,76,中国-河北-邯郸,2890.0,普阳钢铁,河北邯郸,234,钢铁、煤化工,5%,能源与化工
冷友斌,先生,55,中国-黑龙江-黑河,2890.0,中国飞鹤,北京,234,乳业,-5%,农业与食品
宿华,先生,42,中国-湖南,2890.0,快手科技,北京,234,传媒娱乐,-23%,文化娱乐
叶刚,先生,43,,2890.0,冬海集团,新加坡,234,网络游戏、电商,86%,科技与互联网
张道才,先生,74,中国-浙江-绍兴,2890.0,三花控股,浙江绍兴,234,工业设备、汽车零部件、房地产,-38%,房地产与建筑
张道才,先生,74,中国-浙江-绍兴,2890.0,三花控股,浙江绍兴,234,工业设备、汽车零部件、房地产,-38%,制造业
黄柏年,先生,68,印尼,2820.0,外滩中心,上海,239,房地产,0%,房地产与建筑
倪祖根,先生,67,中国-江苏-苏州,2820.0,莱克电气,江苏苏州,239,小家电,-11%,制造业
潘政民,先生,57,中国-江苏,2820.0,瑞声科技,广东深圳,239,消费电子精密件,67%,科技与互联网
彭国远,先生,38,中国-广东-汕尾,2820.0,心里程,广东深圳,239,教育、房地产,-7%,房地产与建筑
彭国远,先生,38,中国-广东-汕尾,2820.0,心里程,广东深圳,239,教育、房地产,-7%,服务业
许家印,先生,66,中国-河南-周口,2820.0,恒大,广东广州,239,投资、房地产,0%,房地产与建筑
许家印,先生,66,中国-河南-周口,2820.0,恒大,广东广州,239,投资、房地产,0%,金融与投资
杨致远,先生,56,中国-台湾-台北,2820.0,雅虎,美国,239,投资,14%,金融与投资
张峻、陶美萦,先生,未知,中国-广东-揭阳,2820.0,富德,广东深圳,239,保险,-9%,金融与投资
张兴海、颜敏,先生,61,中国-重庆,2820.0,小康控股,重庆,239,汽车、汽车零配件,82%,制造业
胡柏藩,先生,62,中国-浙江-绍兴,2750.0,新和成,浙江绍兴,247,医药,18%,医疗健康
黄光苗,先生,55,中国-广东-汕头,2750.0,中洲,广东深圳,247,房地产,-3%,房地产与建筑
林敏雄,女士,74,,2750.0,元利,台湾台北,247,房地产,3%,房地产与建筑
阮洪良,先生,63,中国-浙江,2750.0,福莱特,浙江嘉兴,247,光伏材料,-45%,能源与化工
王伟修、王晓东,先生,74,中国-山东,2750.0,中际旭创,山东烟台,247,通信设备,30%,制造业
薛华,先生,54,,2750.0,海大,广东广州,247,饲料,-11%,农业与食品
张剑、张格格,先生,55,中国-河南-商丘,2750.0,爱玛,天津,247,电动自行车,5%,制造业
周超男,先生,64,中国-湖南-衡阳,2750.0,润泽科技,河北廊坊,247,软件与信息技术服务,-5%,科技与互联网
曹龙祥、曹飞,先生,67,,2680.0,济川控股,江苏泰州,255,医药,9%,医疗健康
陈泰铭,先生,68,中国-台湾-台南,2680.0,国巨,台湾台北,255,电子制造、收藏,6%,文化娱乐
陈泰铭,先生,68,中国-台湾-台南,2680.0,国巨,台湾台北,255,电子制造、收藏,6%,制造业
范现国、范明强,先生,64,中国-河北-邢台,2680.0,今麦郎,河北邢台,255,食品与饮料,-12%,消费品
李赶坡,先生,75,中国-河北,2680.0,敬业,河北石家庄,255,钢铁,0%,能源与化工
李义海、李鑫,先生,61,中国-江西-南昌,2680.0,济民可信,江西南昌,255,医药,-43%,医疗健康
廖汤慧霭,女士,76,中国-香港,2680.0,纪惠,香港,255,房地产,6%,房地产与建筑
王正华,先生,80,中国-上海,2680.0,春秋航空,上海长宁,255,航空,-12%,物流与交通
吴以岭,先生,75,中国-河北-衡水,2680.0,以岭,河北石家庄,255,医药,-25%,医疗健康
项光通,先生,未知,中国-浙江-温州,2680.0,青山控股,浙江温州,255,钢铁,90%,能源与化工
周晓萍,女士,63,中国-江苏-常州,2680.0,星宇股份,江苏常州,255,汽车灯具,-19%,制造业
曾小山,先生,79,中国-湖南-邵东,2610.0,曾氏企业,湖南长沙,265,铝业,0%,能源与化工
陈志平,先生,48,,2610.0,思摩尔,广东深圳,265,电子烟,12%,制造业
傅利泉、陈爱玲,先生,57,中国-浙江-杭州,2610.0,大华技术,浙江杭州,265,软件、电子通讯产品,-35%,制造业
傅利泉、陈爱玲,先生,57,中国-浙江-杭州,2610.0,大华技术,浙江杭州,265,软件、电子通讯产品,-35%,科技与互联网
黄敏利、许慧卿,先生,59,中国-福建-泉州,2610.0,敏华,香港,265,休闲沙发,-10%,制造业
黄文仔,先生,71,中国-广东-广州,2610.0,星河湾,广东广州,265,房地产、投资,-16%,房地产与建筑
黄文仔,先生,71,中国-广东-广州,2610.0,星河湾,广东广州,265,房地产、投资,-16%,金融与投资
简军,女士,61,中国-北京,2610.0,爱美客,北京,265,生物制药,-51%,医疗健康
梁光伟,先生,61,中国-浙江-台州,2610.0,华强,广东深圳,265,投资,37%,金融与投资
谢伟通,先生,67,中国-台湾,2610.0,华友钴业,浙江嘉兴,265,有色金属,0%,能源与化工
许邦福,未知,未知,中国-浙江-宁波,2610.0,华城电机,台湾桃园,265,电子元件,NEW,制造业
张双旺、张东海,先生,81,中国-内蒙古-鄂尔多斯,2610.0,伊泰,内蒙古鄂尔多斯,265,煤炭,9%,能源与化工
张文中,先生,62,中国-山东,2610.0,物美,北京,265,零售,-10%,服务业
季琦,先生,58,中国-江苏-南通,2540.0,华住,上海闵行,276,连锁酒店,-22%,服务业
靳保芳,先生,72,中国-河北-邢台,2540.0,晶澳科技,河北邢台,276,光伏,-60%,能源与化工
李洪信,先生,71,中国-福建,2540.0,太阳纸业,山东济宁,276,造纸,6%,制造业
毛文超,未知,未知,中国-四川-绵阳,2540.0,小红书,上海,276,生活服务平台、电商,NEW,科技与互联网
王俊民、申萍,先生,56,中国-辽宁,2540.0,海思科,西藏山南,276,医药,33%,医疗健康
王树华,先生,未知,,2540.0,冀南钢铁,河北邯郸,276,钢铁,-10%,能源与化工
翁先定,先生,63,,2540.0,新产业,广东深圳,276,医疗器械,9%,制造业
阎志,先生,52,中国-湖北-黄冈,2540.0,卓尔,湖北武汉,276,房地产、投资,-5%,房地产与建筑
阎志,先生,52,中国-湖北-黄冈,2540.0,卓尔,湖北武汉,276,房地产、投资,-5%,金融与投资
杨卫东、杨亚珍,先生,56,中国-浙江,2540.0,卫星石化,浙江嘉兴,276,化工,6%,能源与化工
张力、张量,先生,71,中国-广东-广州,2540.0,富力地产,广东广州,276,投资、房地产,33%,房地产与建筑
张力、张量,先生,71,中国-广东-广州,2540.0,富力地产,广东广州,276,投资、房地产,33%,金融与投资
张松桥,先生,60,中国-重庆,2540.0,中渝,香港,276,投资、房地产,-12%,房地产与建筑
张松桥,先生,60,中国-重庆,2540.0,中渝,香港,276,投资、房地产,-12%,金融与投资
周泽荣,先生,70,中国-广东-汕头,2540.0,侨鑫,广东广州,276,房地产、投资,-18%,房地产与建筑
周泽荣,先生,70,中国-广东-汕头,2540.0,侨鑫,广东广州,276,房地产、投资,-18%,金融与投资
蒋卫平,先生,69,中国-四川-成都,2460.0,天齐锂业,四川遂宁,288,锂矿,-46%,能源与化工
潘石屹、张欣,先生,61,中国-甘肃-天水,2460.0,SOHO中国,北京,288,投资、房地产,-5%,房地产与建筑
潘石屹、张欣,先生,61,中国-甘肃-天水,2460.0,SOHO中国,北京,288,投资、房地产,-5%,金融与投资
唐彬森,先生,42,中国-安徽-合肥,2460.0,元气森林,北京,288,饮料,-30%,消费品
阳萌、贺丽,先生,42,,2460.0,安克,湖南长沙,288,电子商务,3%,科技与互联网
张静章,先生,87,中国-浙江-宁波,2460.0,海天国际,浙江宁波,288,注塑机,-3%,制造业
安康,先生,75,中国-河南-新乡,2390.0,华兰生物,河南新乡,293,生物制药,-24%,医疗健康
黄立、黄晟,先生,61,中国-陕西-西安,2390.0,高德电气,湖北武汉,293,电子制造,-21%,制造业
黄茂如、张静,先生,59,中国-广东-潮州,2390.0,茂业,广东深圳,293,投资、房地产,0%,房地产与建筑
黄茂如、张静,先生,59,中国-广东-潮州,2390.0,茂业,广东深圳,293,投资、房地产,0%,金融与投资
蒋业华,先生,61,中国-重庆,2390.0,华宇,重庆,293,房地产,-3%,房地产与建筑
林耀英,先生,91,,2390.0,大立光,台湾台北,293,电子元件,36%,制造业
戚振波,先生,未知,,2390.0,美腕,上海,293,新零售,0%,科技与互联网
钱东奇、钱程,先生,66,中国-江苏-南京,2390.0,科沃斯,江苏苏州,293,机器人,-21%,科技与互联网
肖永明,先生,60,中国-四川-资阳,2390.0,藏格矿业,青海格尔木,293,矿产,21%,能源与化工
邢李㷧,先生,75,中国-香港,2390.0,思捷环球,香港,293,投资,0%,金融与投资
张帆,先生,59,中国-四川-成都,2390.0,汇顶科技,广东深圳,293,半导体芯片,6%,科技与互联网
张宏伟,先生,70,中国-黑龙江-哈尔滨,2390.0,东方,北京,293,能源、零售,-51%,服务业
张宏伟,先生,70,中国-黑龙江-哈尔滨,2390.0,东方,北京,293,能源、零售,-51%,能源与化工
周胜馥,先生,47,,2390.0,拉拉科技,广东深圳,293,货运物流,NEW,物流与交通
邹支农,先生,56,,2390.0,天孚通信,江苏苏州,293,通信设备,31%,制造业
蔡东晨,先生,71,中国-河北-石家庄,2320.0,石药,河北石家庄,306,医药,-11%,医疗健康
陈凯臣,先生,未知,中国-广东-揭阳,2320.0,立白,广东广州,306,日化用品,-8%,消费品
邓伟明、吴小歌,先生,56,中国-湖南-长沙,2320.0,中伟股份,湖南长沙,306,工业产品,-23%,制造业
利约翰,先生,70,,2320.0,中电,香港,306,能源,18%,能源与化工
邵钦祥,先生,70,中国-浙江-金华,2320.0,花园,浙江金华,306,工业制造、房地产,0%,房地产与建筑
邵钦祥,先生,70,中国-浙江-金华,2320.0,花园,浙江金华,306,工业制造、房地产,0%,制造业
王华君、吴兰兰,先生,54,中国-江西-九江,2320.0,裕同包装,广东深圳,306,包装,0%,制造业
王文京,先生,60,中国-江西-上饶,2320.0,用友,北京,306,软件与信息服务,-43%,科技与互联网
王希成,先生,76,中国-山东,2320.0,玲珑轮胎,山东烟台,306,轮胎,-18%,制造业
吴少勋,先生,68,中国-湖北-黄石,2320.0,劲牌,湖北黄石,306,保健酒,-18%,农业与食品
徐乘,先生,72,中国-台湾-台北,2320.0,徐福记,广东东莞,306,食品,0%,农业与食品
虞锋,先生,61,中国-上海,2320.0,云锋基金,上海徐汇,306,投资,-3%,金融与投资
张万镇,先生,75,中国-广东-潮州,2320.0,三环,广东潮州,306,通信部件、电子元器件,0%,制造业
陈爱莲、吴良定,先生,66,中国-浙江-绍兴,2250.0,万丰,浙江绍兴,318,智能制造、投资,28%,制造业
陈爱莲、吴良定,先生,66,中国-浙江-绍兴,2250.0,万丰,浙江绍兴,318,智能制造、投资,28%,金融与投资
陈明永,先生,55,中国-四川-达州,2250.0,OPPO,广东东莞,318,消费电子产品,10%,科技与互联网
陈谭庆芬,先生,未知,,2250.0,恒隆,香港,318,房地产,0%,房地产与建筑
冯海良,先生,64,中国-浙江,2250.0,海亮,浙江绍兴,318,铜加工、投资,-16%,制造业
冯海良,先生,64,中国-浙江,2250.0,海亮,浙江绍兴,318,铜加工、投资,-16%,金融与投资
葛卫东,先生,55,,2250.0,混沌投资,上海浦东,318,投资,-3%,金融与投资
梁绍鸿,先生,72,中国-香港,2250.0,大鸿辉,香港,318,房地产,0%,房地产与建筑
穆荣均,先生,44,,2250.0,美团,北京,318,生活服务,-6%,服务业
彭蕾,先生,53,,2250.0,阿里系,浙江杭州,318,电子商务、金融科技,-3%,科技与互联网
彭蕾,先生,53,,2250.0,阿里系,浙江杭州,318,电子商务、金融科技,-3%,金融与投资
伍步高,先生,80,中国-香港,2250.0,永隆,香港,318,银行业,0%,金融与投资
程一笑,先生,39,,2180.0,快手科技,北京,327,传媒娱乐,-26%,文化娱乐
李丐腾,先生,52,中国-浙江-温州,2180.0,飞科电器,上海松江,327,小家电,-46%,制造业
林明成,先生,81,中国-台湾,2180.0,华南金控,台湾台北,327,金融服务,3%,金融与投资
罗家宝,先生,75,,2180.0,百乐,香港,327,房地产,0%,房地产与建筑
吴冠江、刘铁鹰,先生,56,中国-四川-乐山,2180.0,智飞生物,重庆,327,疫苗,-14%,医疗健康
谢良志、李翰园,先生,58,,2180.0,神州,北京,327,生物制药,-35%,医疗健康
张荣华,女士,55,中国-天津,2180.0,荣程,天津,327,钢铁,7%,能源与化工
周鸿祎,先生,54,中国-湖北-黄冈,2180.0,三六零安全科技,北京,327,网络信息服务,-28%,科技与互联网
蔡东青,先生,55,中国-广东-汕头,2110.0,奥飞娱乐,广东汕头,335,动漫,-9%,文化娱乐
黄绍武,先生,54,中国-江西-九江,2110.0,神州通,广东深圳,335,投资,11%,金融与投资
李留法、李凤娈,先生,65,中国-河南-平顶山,2110.0,天瑞,河南平顶山,335,水泥、铝业,-44%,房地产与建筑
李留法、李凤娈,先生,65,中国-河南-平顶山,2110.0,天瑞,河南平顶山,335,水泥、铝业,-44%,能源与化工
倪永培,先生,72,中国-安徽-六安,2110.0,迎驾,安徽六安,335,白酒,-32%,消费品
任元林、任乐天,先生,71,中国-江苏-无锡,2110.0,扬子江船业,江苏无锡,335,造船,50%,制造业
王水福、陈桂花,先生,69,中国-浙江-杭州,2110.0,西子联合控股,浙江杭州,335,电梯、锅炉、房地产,-6%,房地产与建筑
魏应州,先生,70,中国-台湾,2110.0,顶新,天津,335,食品和饮料,0%,消费品
许昆泰,先生,68,中国-台湾,2110.0,蓝天,台湾台北,335,消费电子产品,30%,科技与互联网
张雷,先生,48,中国-江苏-无锡,2110.0,远景能源,江苏无锡,335,风电,-6%,能源与化工
赵丰刚,先生,58,,2110.0,宁德时代,福建宁德,335,锂电池,-21%,制造业
池宇峰,先生,53,中国-湖北,2040.0,完美世界,北京,345,网游、影视娱乐,-17%,文化娱乐
池宇峰,先生,53,中国-湖北,2040.0,完美世界,北京,345,网游、影视娱乐,-17%,科技与互联网
高纪凡,先生,59,,2040.0,天合光能,江苏常州,345,光伏产品,-45%,能源与化工
李锂、李坦,先生,60,中国-四川-眉山,2040.0,海普瑞,广东深圳,345,医药,-9%,医疗健康
李如成、李寒穷,先生,73,中国-浙江-绍兴,2040.0,雅戈尔,浙江宁波,345,服装、房地产、投资,7%,房地产与建筑
李如成、李寒穷,先生,73,中国-浙江-绍兴,2040.0,雅戈尔,浙江宁波,345,服装、房地产、投资,7%,消费品
李如成、李寒穷,先生,73,中国-浙江-绍兴,2040.0,雅戈尔,浙江宁波,345,服装、房地产、投资,7%,金融与投资
林刚,先生,60,中国-广东,2040.0,康哲药业,广东深圳,345,医药,-22%,医疗健康
聂腾云、陈立英,先生,48,,2040.0,韵达,上海青浦,345,物流,-26%,物流与交通
戚金兴、戚加奇,先生,62,中国-浙江,2040.0,滨江,浙江杭州,345,房地产,-17%,房地产与建筑
沈炜,先生,未知,,2040.0,VIVO,广东东莞,345,消费电子产品,0%,科技与互联网
侯军呈,先生,60,中国-浙江-温州,1970.0,珀莱雅,浙江杭州,353,化妆品,-13%,消费品
南存辉,先生,61,中国-山东-济宁,1970.0,正泰,浙江温州,353,工业电器、投资,-22%,制造业
南存辉,先生,61,中国-山东-济宁,1970.0,正泰,浙江温州,353,工业电器、投资,-22%,金融与投资
潘来灿,先生,未知,,1970.0,海天味业,广东佛山,353,调味品,-3%,农业与食品
汪建,先生,70,中国-湖南,1970.0,华大基因、碳云,广东深圳,353,基因检测、医疗大数据,-40%,医疗健康
王燕清,先生,58,中国-江苏-无锡,1970.0,先导智能,江苏无锡,353,自动化设备,-49%,制造业
王一鸣,先生,43,,1970.0,锦浪科技,浙江宁波,353,光伏逆变器,-15%,能源与化工
王长田、杜英莲,先生,59,中国-辽宁-大连,1970.0,光线传媒,北京,353,影视娱乐,-24%,文化娱乐
魏应充,先生,67,中国-台湾,1970.0,顶新,天津,353,食品和饮料,0%,消费品
魏应交,先生,69,中国-台湾,1970.0,顶新,天津,353,食品和饮料,0%,消费品
魏应行,先生,65,中国-台湾,1970.0,顶新,天津,353,食品和饮料,0%,消费品
吴凯,先生,56,,1970.0,宁德时代,福建宁德,353,锂电池,-20%,制造业
吴礼淦,先生,83,中国-台湾,1970.0,沪电股份,上海,353,印制电路板,56%,制造业
叶立培,先生,80,中国-上海,1970.0,仲盛,上海闵行,353,投资、房地产,-10%,房地产与建筑
叶立培,先生,80,中国-上海,1970.0,仲盛,上海闵行,353,投资、房地产,-10%,金融与投资
易大盛,先生,63,,1970.0,富兴,湖南长沙,353,汽车服务，产业园区,4%,制造业
俞敏洪,先生,62,中国-江苏-无锡,1970.0,新东方,北京,353,教育,4%,服务业
周永利,先生,68,中国-浙江-绍兴,1970.0,永利,浙江绍兴,353,轻纺、房地产、投资,-7%,房地产与建筑
周永利,先生,68,中国-浙江-绍兴,1970.0,永利,浙江绍兴,353,轻纺、房地产、投资,-7%,消费品
周永利,先生,68,中国-浙江-绍兴,1970.0,永利,浙江绍兴,353,轻纺、房地产、投资,-7%,金融与投资
竺兆江,先生,51,,1970.0,传音,广东深圳,353,消费电子产品,-15%,科技与互联网
卓志哲,先生,未知,中国-台湾-鹿港,1970.0,联发科技,台湾新竹,353,半导体,47%,科技与互联网
邓鸿,先生,61,中国-四川,1900.0,成都环球世纪,四川成都,371,投资、房地产,-10%,房地产与建筑
邓鸿,先生,61,中国-四川,1900.0,成都环球世纪,四川成都,371,投资、房地产,-10%,金融与投资
董凡,先生,54,,1900.0,健帆生物,广东珠海,371,生物医疗设备,13%,制造业
方文雄,先生,未知,中国-广东-东莞,1900.0,协成行,香港,371,房地产,0%,房地产与建筑
何猷龙,先生,48,中国-香港,1900.0,新濠国际,香港,371,博彩,-13%,服务业
焦佑伦,先生,66,,1900.0,华新丽华,台湾台北,371,半导体,8%,科技与互联网
林秀成、林志强,先生,69,中国-福建-泉州,1900.0,三安,福建厦门,371,LED,-18%,制造业
刘卫平,先生,45,中国-湖南-平江,1900.0,卫龙,河南漯河,371,食品,0%,农业与食品
刘志强、翟美卿,先生,60,中国-广东,1900.0,香江,广东深圳,371,房地产、金融,-10%,房地产与建筑
刘志强、翟美卿,先生,60,中国-广东,1900.0,香江,广东深圳,371,房地产、金融,-10%,金融与投资
沈锡强,先生,76,中国-江苏-无锡,1900.0,雅克科技,江苏无锡,371,化工新材料,-16%,制造业
汪建国、汪浩,先生,64,中国-江苏-苏州,1900.0,五星投资,江苏南京,371,电子商务、儿童用品连锁,-18%,制造业
汪建国、汪浩,先生,64,中国-江苏-苏州,1900.0,五星投资,江苏南京,371,电子商务、儿童用品连锁,-18%,科技与互联网
王世忠,先生,未知,中国-台湾,1900.0,亚德客,台湾台北,371,工业机械,-7%,制造业
伍伟国,先生,54,中国-香港,1900.0,美心,香港,371,餐饮,13%,服务业
肖安江,先生,61,中国-湖南-娄底,1900.0,五江轻化,湖南长沙,371,钛合金、保温容器,8%,制造业
肖自江,先生,74,中国-湖南-娄底,1900.0,五江轻化,湖南长沙,371,钛合金、保温容器,8%,制造业
许树根,先生,59,中国-浙江,1900.0,鼎力,浙江湖州,371,机械制造,-7%,制造业
袁富根,先生,74,中国-江苏-苏州,1900.0,东山精密,江苏苏州,371,精密铸件,17%,制造业
袁志伦,先生,60,中国-重庆,1900.0,博赛矿业,重庆,371,矿业,8%,能源与化工
陈世卿、蒋翠英,先生,75,中国-台湾-台北,1830.0,大立光,台湾台北,388,电子元件,51%,制造业
陈一丹,先生,53,中国-广东-深圳,1830.0,腾讯,广东深圳,388,互联网服务,4%,科技与互联网
崔立新,先生,未知,,1830.0,创新集团,山东滨州,388,有色金属,-19%,能源与化工
崔鹏、曹菲,先生,47,,1830.0,菲鹏生物,广东深圳,388,生物科技,-21%,医疗健康
黄达文,先生,64,中国-香港,1830.0,合盛,浙江宁波,388,硅材料,-4%,能源与化工
兰春、杨英,先生,58,,1830.0,新英才,北京,388,教育、生物医药、房地产、投资,31%,房地产与建筑
兰春、杨英,先生,58,,1830.0,新英才,北京,388,教育、生物医药、房地产、投资,31%,服务业
兰春、杨英,先生,58,,1830.0,新英才,北京,388,教育、生物医药、房地产、投资,31%,医疗健康
兰春、杨英,先生,58,,1830.0,新英才,北京,388,教育、生物医药、房地产、投资,31%,金融与投资
李良彬,先生,57,中国-江西-宜春,1830.0,赣锋锂业,江西新余,388,有色金属冶炼加工,-37%,能源与化工
李卫国,先生,59,中国-湖南-常德,1830.0,东方雨虹,北京,388,防水材料,-46%,制造业
李仙德,先生,49,,1830.0,晶科能源,江西上饶,388,太阳能,-16%,能源与化工
李湘平,先生,未知,,1830.0,东明石化,山东菏泽,388,石油化工,8%,能源与化工
梁允超,先生,55,中国-湖北-武汉,1830.0,汤臣倍健,广东珠海,388,保健品,-30%,消费品
刘革新,先生,73,中国-湖北,1830.0,科伦药业,四川成都,388,制药、医药流通,13%,医疗健康
尚吉永,先生,56,中国-山东,1830.0,万达控股,山东东营,388,轮胎、电缆、化工,4%,能源与化工
尚吉永,先生,56,中国-山东,1830.0,万达控股,山东东营,388,轮胎、电缆、化工,4%,制造业
苏素玉,先生,76,中国-广东-汕头,1830.0,联美,广东汕头,388,房地产、投资,-10%,房地产与建筑
苏素玉,先生,76,中国-广东-汕头,1830.0,联美,广东汕头,388,房地产、投资,-10%,金融与投资
王均金,先生,56,,1830.0,均瑶,上海徐汇,388,房地产、航空、零售,-21%,房地产与建筑
王均金,先生,56,,1830.0,均瑶,上海徐汇,388,房地产、航空、零售,-21%,服务业
王均金,先生,56,,1830.0,均瑶,上海徐汇,388,房地产、航空、零售,-21%,物流与交通
王秋雄,先生,81,中国-台湾,1830.0,丰泰,台湾斗六,388,服装,0%,消费品
吴绪顺,先生,76,中国-安徽-芜湖,1830.0,三七互娱,广东广州,388,网络游戏,-4%,科技与互联网
谢秉昆,先生,58,,1830.0,坤彩科技,福建福州,388,珠光材料,-10%,制造业
许冉,未知,未知,,1830.0,龙佰,河南焦作,388,钛白粉,-7%,能源与化工
张国炜,先生,未知,,1830.0,星宇航空,台湾台北,388,航空,NEW,物流与交通
周敬良,先生,74,中国-海南-海口,1830.0,景田,广东深圳,388,饮料,8%,消费品
朱兴明、朱瀚玥,先生,57,中国-湖南,1830.0,汇川技术,广东深圳,388,工业自动化产品,-33%,制造业
蔡华波,先生,48,,1760.0,江波龙,广东深圳,410,半导体,-7%,科技与互联网
丁立国,先生,54,中国-河北-任丘,1760.0,德龙,上海,410,钢铁、天然气,-7%,能源与化工
丁雅丽,先生,未知,中国-福建-泉州,1760.0,安踏,福建厦门,410,体育用品,-11%,文化娱乐
董伟,先生,53,,1760.0,恒瑞,江苏连云港,410,医药,4%,医疗健康
洪锋,先生,未知,,1760.0,小米,北京,410,智能硬件与技术,54%,科技与互联网
雷菊芳、程若琼,女士,71,中国-甘肃-定西,1760.0,奇正藏药,西藏林芝,410,医药,-11%,医疗健康
李非列,先生,58,中国-北京,1760.0,飞尚,广东深圳,410,有色金属、钢铁、物流,-11%,物流与交通
李非列,先生,58,中国-北京,1760.0,飞尚,广东深圳,410,有色金属、钢铁、物流,-11%,能源与化工
李妙行,先生,未知,,1760.0,老干妈,贵州贵阳,410,食品,4%,农业与食品
李伟,先生,56,中国-河南,1760.0,千味央厨,河南郑州,410,食品、房地产,-14%,房地产与建筑
李伟,先生,56,中国-河南,1760.0,千味央厨,河南郑州,410,食品、房地产,-14%,农业与食品
梁亮胜,先生,73,中国-广东-梅州,1760.0,丝宝,香港,410,日化、投资,4%,消费品
梁亮胜,先生,73,中国-广东-梅州,1760.0,丝宝,香港,410,日化、投资,4%,金融与投资
林聪吉,未知,未知,,1760.0,川湖科技,台湾高雄,410,五金配件,NEW,制造业
吕慧、陈宁宁,先生,75,,1760.0,嘉鑫,香港,410,钢铁、铁矿石进出口、房地产,-4%,房地产与建筑
吕慧、陈宁宁,先生,75,,1760.0,嘉鑫,香港,410,钢铁、铁矿石进出口、房地产,-4%,能源与化工
邱光和,先生,73,中国-浙江-温州,1760.0,森马,浙江温州,410,服装,-19%,消费品
任正非,先生,80,中国-贵州-安顺,1760.0,华为,广东深圳,410,消费电子、电讯,9%,制造业
唐金奎、朱玉琴,先生,69,中国-江苏-苏州,1760.0,盛虹,江苏苏州,410,印染、化纤、房地产,-31%,能源与化工
唐金奎、朱玉琴,先生,69,中国-江苏-苏州,1760.0,盛虹,江苏苏州,410,印染、化纤、房地产,-31%,房地产与建筑
唐金奎、朱玉琴,先生,69,中国-江苏-苏州,1760.0,盛虹,江苏苏州,410,印染、化纤、房地产,-31%,制造业
徐新,先生,58,,1760.0,今日资本,上海浦东,410,投资,4%,金融与投资
许景南,先生,69,中国-福建-泉州,1760.0,匹克,福建泉州,410,体育用品,-11%,文化娱乐
闫希军,先生,71,中国-甘肃-庆阳,1760.0,天士力,天津,410,医药,4%,医疗健康
严陈莉莲,女士,59,中国-台湾,1760.0,裕隆,台湾新北,410,汽车销售,-22%,服务业
俞发祥,先生,53,中国-浙江-绍兴,1760.0,祥源控股,浙江绍兴,410,基础设施建设、房地产,-11%,房地产与建筑
袁志敏、熊海涛,先生,63,中国-四川,1760.0,金发科技,广东广州,410,化工塑料,-7%,能源与化工
张洪本,先生,78,中国-台湾,1760.0,日月光,台湾高雄,410,工业品、房地产,32%,房地产与建筑
张洪本,先生,78,中国-台湾,1760.0,日月光,台湾高雄,410,工业品、房地产,32%,制造业
赵立新,先生,58,,1760.0,格科微,上海,410,CMOS图像传感器,-26%,科技与互联网
龚俊龙,先生,65,中国-广东-汕尾,1690.0,恒裕,广东深圳,433,房地产、投资,-11%,房地产与建筑
龚俊龙,先生,65,中国-广东-汕尾,1690.0,恒裕,广东深圳,433,房地产、投资,-11%,金融与投资
黄江吉,先生,未知,,1690.0,小米,北京,433,智能硬件与技术,52%,科技与互联网
黄毅,先生,61,,1690.0,中升控股,辽宁大连,433,汽车销售,-43%,服务业
金惠明,先生,71,中国-上海,1690.0,大华,上海宝山,433,房地产,0%,房地产与建筑
赖建法,先生,55,,1690.0,中通,上海青浦,433,快递,-8%,物流与交通
黎万强,先生,47,中国-广东,1690.0,小米,北京,433,智能硬件与技术,52%,科技与互联网
李贵山,先生,未知,,1690.0,老干妈,贵州贵阳,433,食品,4%,农业与食品
刘锋、林旭燕,先生,54,中国-山东,1690.0,永锋,山东济南,433,钢铁,-4%,能源与化工
陆地,先生,未知,,1690.0,大疆,广东深圳,433,无人机,-29%,制造业
孟庆山,先生,76,中国-河北,1690.0,梅花,河北廊坊,433,食用调味品,9%,农业与食品
瞿芳,未知,未知,,1690.0,小红书,上海,433,生活服务平台、电商,NEW,科技与互联网
王瀚,先生,37,,1690.0,均瑶,上海徐汇,433,房地产、航空、零售,-20%,房地产与建筑
王瀚,先生,37,,1690.0,均瑶,上海徐汇,433,房地产、航空、零售,-20%,服务业
王瀚,先生,37,,1690.0,均瑶,上海徐汇,433,房地产、航空、零售,-20%,物流与交通
王林祥,先生,73,中国-内蒙古-包头,1690.0,鄂尔多斯,内蒙古鄂尔多斯,433,羊绒、煤电、冶金、房地产,-4%,能源与化工
王林祥,先生,73,中国-内蒙古-包头,1690.0,鄂尔多斯,内蒙古鄂尔多斯,433,羊绒、煤电、冶金、房地产,-4%,房地产与建筑
王林祥,先生,73,中国-内蒙古-包头,1690.0,鄂尔多斯,内蒙古鄂尔多斯,433,羊绒、煤电、冶金、房地产,-4%,消费品
温鹏程,先生,62,中国-广东-云浮,1690.0,温氏食品,广东云浮,433,家禽养殖畜牧,4%,农业与食品
徐金富,先生,60,中国-广东-广州,1690.0,天赐材料,广东广州,433,化学原料制品,-51%,能源与化工
徐宇,先生,52,中国-广东-广州,1690.0,赫基国际,广东广州,433,服装,-20%,消费品
徐振华,先生,45,中国-上海,1690.0,沐瞳科技,上海,433,游戏,0%,科技与互联网
杨雪岗,先生,59,中国-河北-邢台,1690.0,旭阳,北京,433,煤炭、化工,-14%,能源与化工
叶国一,先生,83,中国-台湾,1690.0,英业达,台湾台北,433,电脑产品,-11%,制造业
周耀庭,先生,81,中国-江苏-无锡,1690.0,红豆,江苏无锡,433,服装、橡胶轮胎、房地产,-11%,房地产与建筑
周耀庭,先生,81,中国-江苏-无锡,1690.0,红豆,江苏无锡,433,服装、橡胶轮胎、房地产,-11%,制造业
周耀庭,先生,81,中国-江苏-无锡,1690.0,红豆,江苏无锡,433,服装、橡胶轮胎、房地产,-11%,消费品
祝文宇,未知,未知,,1690.0,爱山林,台湾台北,433,房地产,NEW,房地产与建筑
陈琼香,先生,未知,,1620.0,宁德时代,福建宁德,454,锂电池,-21%,制造业
方洪波,先生,57,中国-安徽-安庆,1620.0,美的,广东佛山,454,家电制造,10%,制造业
洪杰,先生,57,,1620.0,三棵树,福建莆田,454,涂料,-59%,制造业
胡荣达、胡淇翔,先生,65,中国-浙江,1620.0,三美化工,浙江金华,454,化工,-8%,能源与化工
黄联禧、左笑萍,先生,61,中国-广东-佛山,1620.0,联塑,广东佛山,454,建材家居,-18%,房地产与建筑
黄山,先生,54,中国-湖北-武汉,1620.0,财富趋势,广东深圳,454,金融软件,-18%,科技与互联网
黄世再,先生,73,中国-广东-揭阳,1620.0,大中华地产,广东深圳,454,房地产,-15%,房地产与建筑
姜银台,先生,74,,1620.0,岱美股份,上海浦东,454,汽车内饰,-32%,制造业
赖建平,先生,未知,,1620.0,海天味业,广东佛山,454,调味品,-4%,农业与食品
吕义雄,先生,47,中国-广东-汕头,1620.0,上美,上海,454,化妆品,58%,消费品
马秀慧,先生,53,,1620.0,欧普照明,上海闵行,454,节能灯,-26%,制造业
齐向东,先生,59,,1620.0,奇安信,北京,454,网络安全,-32%,科技与互联网
邱文生,先生,未知,,1620.0,华勤技术,上海浦东,454,消费电子,-8%,制造业
任道德,先生,64,,1620.0,泰康,北京,454,保险,10%,金融与投资
吴映明,先生,57,,1620.0,宁德时代,福建宁德,454,锂电池,-21%,制造业
俞熔,先生,53,,1620.0,美年健康,上海静安,454,医疗服务,-12%,医疗健康
袁江涛,先生,未知,,1620.0,嘉立创,广东深圳,454,半导体,-36%,科技与互联网
曾万辉、喻丽丽,先生,56,中国-湖南,1550.0,景嘉微,湖南长沙,471,电子器件制造,-21%,制造业
何著胜,先生,77,中国-辽宁,1550.0,后英,辽宁鞍山,471,耐火材料、钢铁、矿业,0%,能源与化工
何著胜,先生,77,中国-辽宁,1550.0,后英,辽宁鞍山,471,耐火材料、钢铁、矿业,0%,制造业
贺正刚,先生,70,,1550.0,和邦股份,四川乐山,471,矿产、化工,-24%,能源与化工
胡兴荣,先生,43,中国-浙江-温州,1550.0,多弗,北京,471,贸易、房地产,-21%,房地产与建筑
胡兴荣,先生,43,中国-浙江-温州,1550.0,多弗,北京,471,贸易、房地产,-21%,金融与投资
李力,先生,59,中国-湖南-长沙,1550.0,爱尔眼科,湖南长沙,471,医疗服务,-42%,医疗健康
李明、杜楠,先生,56,中国-甘肃-陇南,1550.0,亚特,甘肃陇南,471,投资、有色金属,-15%,能源与化工
李明、杜楠,先生,56,中国-甘肃-陇南,1550.0,亚特,甘肃陇南,471,投资、有色金属,-15%,金融与投资
刘洪林,先生,73,中国-江苏-无锡,1550.0,三木,江苏无锡,471,化工、铜加工、电线电缆,0%,制造业
刘洪林,先生,73,中国-江苏-无锡,1550.0,三木,江苏无锡,471,化工、铜加工、电线电缆,0%,能源与化工
梅志明,先生,52,,1550.0,普洛斯,上海浦东,471,物流地产、投资,-8%,房地产与建筑
梅志明,先生,52,,1550.0,普洛斯,上海浦东,471,物流地产、投资,-8%,金融与投资
汪顾亦珍,先生,107,中国-香港,1550.0,德昌电机,香港,471,工业产品,5%,制造业
王剑峰,先生,54,,1550.0,均胜投资,浙江宁波,471,汽车零部件制造,-21%,制造业
王文默,先生,68,中国-福建,1550.0,安踏,福建厦门,471,体育用品,-12%,文化娱乐
吴尚志,先生,74,中国-北京,1550.0,鼎晖,北京,471,投资,10%,金融与投资
项光明、王素勤,先生,61,中国-浙江-温州,1550.0,伟明环保,浙江温州,471,垃圾发电,5%,能源与化工
许晨晔,先生,53,,1550.0,腾讯,广东深圳,471,互联网服务,5%,科技与互联网
许英灼,先生,59,中国-广东-潮州,1550.0,海大,广东广州,471,饲料,-15%,农业与食品
严健军,先生,59,中国-浙江-宁波,1550.0,致达,上海静安,471,信息、金融、投资,-8%,金融与投资
姚奎章,先生,59,,1550.0,养元饮品,河北衡水,471,饮料,-12%,消费品
郁国祥,先生,54,,1550.0,乐游科技,上海,471,投资,-8%,金融与投资
张宁,女士,50,,1550.0,彤程新材,上海浦东,471,化工原料,-8%,能源与化工
章小华,先生,56,,1550.0,红狮控股,浙江金华,471,水泥,5%,房地产与建筑
赵绪龙、朱水纳,未知,未知,中国-浙江-杭州,1550.0,迈富时,上海静安,471,SaaS解决方案,NEW,科技与互联网
郑春颖,先生,未知,中国-辽宁-辽阳,1550.0,伽蓝,上海,471,化妆品,-8%,消费品
周宗文,先生,67,,1550.0,周大生,广东深圳,471,珠宝,-24%,消费品
蔡镇球,先生,59,中国-台湾-台北,1480.0,霖园,台湾台北,494,金融服务,31%,金融与投资
昌敬,先生,42,,1480.0,石头科技,北京,494,智能机器人,8%,科技与互联网
陈先保,先生,65,中国-安徽-合肥,1480.0,华泰,安徽合肥,494,农副食品加工业,-13%,农业与食品
成正辉,先生,60,中国-广东-深圳,1480.0,惠泰医疗,广东深圳,494,医疗器械,31%,制造业
董才平,先生,61,中国-江苏-常州,1480.0,中天钢铁,江苏常州,494,钢铁、投资,-5%,能源与化工
董才平,先生,61,中国-江苏-常州,1480.0,中天钢铁,江苏常州,494,钢铁、投资,-5%,金融与投资
甘忠如,先生,76,,1480.0,甘李药业,北京,494,生物制药,12%,医疗健康
何旗,先生,42,,1480.0,均和,上海浦东,494,钢铁贸易,-5%,金融与投资
黄巧灵,先生,66,中国-浙江,1480.0,宋城,浙江杭州,494,旅游、房地产,-30%,房地产与建筑
黄巧灵,先生,66,中国-浙江,1480.0,宋城,浙江杭州,494,旅游、房地产,-30%,服务业
柯尊洪,先生,70,中国-四川-雅安,1480.0,康弘药业,四川成都,494,制药,24%,医疗健康
陆昂,女士,61,,1480.0,嘉德,北京,494,投资、拍卖,5%,金融与投资
罗智先、高秀玲,先生,68,中国-台湾-台南,1480.0,统一,台湾台南,494,食品和饮料,11%,消费品
蒲忠杰、张月娥,先生,61,,1480.0,乐普,北京,494,医疗设备,-25%,制造业
王明旺、蔡帝娥,先生,57,中国-广东-茂名,1480.0,欣旺达,广东深圳,494,电子部件,5%,制造业
王维,先生,43,中国-上海,1480.0,行云集团,广东深圳,494,企业服务,0%,服务业
王雪红、陈文琦,先生,66,中国-台湾-新北,1480.0,宏达,台湾桃园,494,半导体,11%,科技与互联网
许连捷,先生,71,中国-福建-泉州,1480.0,恒安,福建泉州,494,个人护理用品,-5%,消费品
薛向东,先生,65,中国-山东-泰安,1480.0,东华软件,北京,494,软件与信息服务,-19%,科技与互联网
叶小平,先生,61,中国-浙江-嘉兴,1480.0,泰格医药,浙江杭州,494,医药,-19%,医疗健康
余凯,先生,未知,,1480.0,地平线,北京,494,智能芯片,NEW,科技与互联网
袁仲雪、袁嵩,先生,69,,1480.0,赛轮轮胎,山东青岛,494,轮胎,5%,制造业
张邦鑫,先生,44,中国-江苏,1480.0,好未来,北京,494,教育,7%,服务业
张传卫,先生,62,中国-河南-信阳,1480.0,明阳智能,广东中山,494,新能源,-19%,能源与化工
张毓强,先生,69,中国-浙江-嘉兴,1480.0,振石控股,浙江嘉兴,494,房地产、矿产,-19%,房地产与建筑
张毓强,先生,69,中国-浙江-嘉兴,1480.0,振石控股,浙江嘉兴,494,房地产、矿产,-19%,能源与化工
陈康平,先生,51,,1410.0,晶科能源,江西上饶,517,太阳能,-20%,能源与化工
程维,先生,41,中国-江西-上饶,1410.0,滴滴出行,北京,517,生活服务平台,54%,科技与互联网
邓耀,先生,90,中国-香港,1410.0,百丽,香港,517,服装与配饰,0%,消费品
段永平,先生,63,中国-江西-南昌,1410.0,步步高,美国,517,投资,11%,金融与投资
顾伟,先生,59,中国-江西-南昌,1410.0,兆驰股份,广东深圳,517,消费电子产品,-5%,科技与互联网
胡应湘,先生,89,中国-香港,1410.0,合和实业,香港,517,房地产、建筑工程,0%,房地产与建筑
黄宏生,先生,68,中国-海南-临高,1410.0,创维,广东深圳,517,家用电器,0%,制造业
李国宝,先生,85,伦敦,1410.0,东亚银行,香港,517,银行业,0%,金融与投资
李家权,先生,61,中国-四川,1410.0,龙蟒,四川成都,517,钛白粉、磷化工,0%,能源与化工
李建全,先生,67,,1410.0,稳健医疗,广东深圳,517,医疗用品,-33%,医疗健康
李金阳,女士,未知,,1410.0,赤峰黄金,内蒙古赤峰,517,金矿,5%,能源与化工
李宁,先生,61,中国-广西-来宾,1410.0,李宁,北京,517,体育用品、投资,-17%,文化娱乐
李宁,先生,61,中国-广西-来宾,1410.0,李宁,北京,517,体育用品、投资,-17%,金融与投资
李仲初,先生,61,中国-湖南-娄底,1410.0,石基,北京,517,软件与信息服务,-55%,科技与互联网
励民,先生,59,,1410.0,瑞芯微,福建福州,517,集成电路,-17%,科技与互联网
林定强,先生,58,中国-福建-福州,1410.0,金辉,北京,517,房地产,-26%,房地产与建筑
刘方毅,先生,54,,1410.0,英科医疗,山东淄博,517,医疗器械,18%,制造业
秦龙,先生,59,,1410.0,森麒麟,山东青岛,517,轮胎,11%,制造业
饶微,先生,60,,1410.0,新产业,广东深圳,517,医疗器械,5%,制造业
邵根伙,先生,59,中国-浙江-金华,1410.0,大北农,北京,517,饲料、种业,-20%,农业与食品
施文博,先生,74,中国-福建-泉州,1410.0,恒安,福建泉州,517,个人护理用品,-5%,消费品
孙孟全,先生,74,,1410.0,鲁花,山东烟台,517,食用油,-26%,农业与食品
唐修国,先生,61,中国-湖南,1410.0,三一,北京,517,重型机械,-20%,制造业
田明,先生,71,中国-安徽,1410.0,美亚光电,安徽合肥,517,专用设备制造业,-35%,制造业
万隆、王梅香,先生,84,中国-河南-漯河,1410.0,双汇,河南郑州,517,食品,23%,农业与食品
汪林朋,先生,55,中国-湖北-黄冈,1410.0,居然之家,北京,517,家居建材,-26%,房地产与建筑
吴东进,先生,79,中国-台湾-台北,1410.0,新光,台湾台北,517,金融、医院,5%,医疗健康
吴东进,先生,79,中国-台湾-台北,1410.0,新光,台湾台北,517,金融、医院,5%,金融与投资
谢嘉,先生,未知,,1410.0,大疆,广东深圳,517,无人机,-31%,制造业
杨冰,先生,39,中国-江西-,1410.0,得物,上海,517,电商,0%,科技与互联网
应书岭,先生,43,中国-上海,1410.0,英雄互娱,北京,517,电竞游戏,2%,科技与互联网
张恭运,先生,61,,1410.0,豪迈科技,山东潍坊,517,机械制造,18%,制造业
张克强,先生,64,中国-广东,1410.0,华美国际,广东广州,517,投资、房地产,-9%,房地产与建筑
张克强,先生,64,中国-广东,1410.0,华美国际,广东广州,517,投资、房地产,-9%,金融与投资
张立国,先生,60,,1410.0,敷尔佳,黑龙江哈尔滨,517,护肤品,-44%,消费品
张永平,先生,63,,1410.0,秀水街,北京,517,房地产,-9%,房地产与建筑
周剑,先生,48,中国-上海,1410.0,优必选,广东深圳,517,机器人,11%,科技与互联网
陈得福,先生,76,中国-台湾-嘉义,1340.0,仙妮雷德,美国洛杉矶,551,医疗保健,0%,医疗健康
范秀莲、杨飞,先生,61,中国-辽宁-沈阳,1340.0,海思科,西藏山南,551,医药,36%,医疗健康
何涛,先生,44,,1340.0,圆心科技,北京,551,互联网医院,-10%,医疗健康
焦震,先生,58,,1340.0,鼎晖,北京,551,投资,6%,金融与投资
金磊、李凤玲,先生,70,,1340.0,佰仁医疗,北京,551,医疗器械,-21%,制造业
李晓明,先生,66,,1340.0,恩捷股份,云南玉溪,551,包装盒生产,-47%,制造业
梁丰、邵晓梅,先生,56,,1340.0,璞泰来,上海浦东,551,锂电池材料,-63%,制造业
林来嵘、安素梅,先生,56,中国-内蒙古-巴彦淖尔市,1340.0,众兴,天津,551,矿业,-21%,能源与化工
罗秋平、潘东,先生,61,中国-湖北-荆门,1340.0,蓝月亮,广东广州,551,日化用品,-44%,消费品
彭永鹤,先生,55,,1340.0,新瑞鹏,广东深圳,551,宠物医院,0%,医疗健康
乔志涌,先生,60,中国-四川,1340.0,侨源股份,四川成都,551,液态气体,12%,能源与化工
荣智健,先生,82,中国-上海,1340.0,中信泰富,香港,551,投资、房地产,0%,房地产与建筑
荣智健,先生,82,中国-上海,1340.0,中信泰富,香港,551,投资、房地产,0%,金融与投资
苏纯兴,先生,未知,中国-台湾-台北,1340.0,和泰汽车,台湾台北,551,汽车零售,0%,制造业
王恒,先生,76,中国-广东-广州,1340.0,金鹰,江苏南京,551,零售、房地产,0%,房地产与建筑
王恒,先生,76,中国-广东-广州,1340.0,金鹰,江苏南京,551,零售、房地产,0%,服务业
王均豪,先生,52,中国-浙江-温州,1340.0,均瑶,上海徐汇,551,房地产、航空、零售,-17%,房地产与建筑
王均豪,先生,52,中国-浙江-温州,1340.0,均瑶,上海徐汇,551,房地产、航空、零售,-17%,服务业
王均豪,先生,52,中国-浙江-温州,1340.0,均瑶,上海徐汇,551,房地产、航空、零售,-17%,物流与交通
王振华,先生,62,中国-江苏,1340.0,新城,上海普陀,551,房地产,-5%,房地产与建筑
吴东亮,先生,未知,中国-台湾-台北,1340.0,新光,台湾台北,551,金融,6%,金融与投资
吴忌寒,先生,38,中国-重庆,1340.0,比特小鹿,新加坡,551,芯片、矿机,-5%,制造业
吴忌寒,先生,38,中国-重庆,1340.0,比特小鹿,新加坡,551,芯片、矿机,-5%,科技与互联网
吴美蓉,先生,64,,1340.0,美科股份,上海,551,太阳能设备,-21%,能源与化工
谢菊华,先生,73,,1340.0,健友股份,江苏南京,551,原料药,0%,医疗健康
许达来,先生,53,新加坡,1340.0,小米,北京,551,智能硬件与技术、投资,28%,科技与互联网
许达来,先生,53,新加坡,1340.0,小米,北京,551,智能硬件与技术、投资,28%,金融与投资
杨霞,女士,50,,1340.0,锦波,山西太原,551,生物医药,73%,医疗健康
昝圣达,先生,61,中国-江苏-南通,1340.0,综艺,江苏南通,551,新能源、信息科技、投资,-14%,能源与化工
昝圣达,先生,61,中国-江苏-南通,1340.0,综艺,江苏南通,551,新能源、信息科技、投资,-14%,金融与投资
张世龙,先生,58,,1340.0,圣邦,北京,551,模拟芯片,-10%,科技与互联网
周镇科,先生,49,中国-广东-汕头,1340.0,大晟文化,广东深圳,551,文化娱乐,0%,文化娱乐
曾繁城,先生,未知,,1270.0,台积电,台湾新竹,576,半导体,64%,科技与互联网
常建鸣、傅磊,先生,59,,1270.0,鸣志电器,上海闵行,576,控制电机,-49%,制造业
陈士良,先生,61,中国-浙江-嘉兴,1270.0,桐昆,浙江嘉兴,576,化纤、房地产,-14%,房地产与建筑
陈士良,先生,61,中国-浙江-嘉兴,1270.0,桐昆,浙江嘉兴,576,化纤、房地产,-14%,能源与化工
陈涛、刘春兰,先生,52,中国-甘肃-陇南,1270.0,胜宏科技,广东惠州,576,高密度印制电路板,50%,制造业
陈智松,先生,58,,1270.0,亿联网络,福建厦门,576,通信,-10%,科技与互联网
陈卓林,先生,62,中国-广东-中山,1270.0,雅居乐,广东广州,576,投资、房地产,0%,房地产与建筑
陈卓林,先生,62,中国-广东-中山,1270.0,雅居乐,广东广州,576,投资、房地产,0%,金融与投资
邓文、唐璐,先生,56,中国-四川-成都,1270.0,天味食品,四川成都,576,食品,-18%,农业与食品
丁会,先生,未知,,1270.0,嘉立创,广东深圳,576,半导体,-36%,科技与互联网
丁会响,先生,未知,,1270.0,嘉立创,广东深圳,576,半导体,-36%,科技与互联网
董增平,先生,54,,1270.0,思源电气,上海闵行,576,输配电设备,23%,制造业
傅光明,先生,70,中国-江西-抚州,1270.0,圣农,福建南平,576,农业,-33%,农业与食品
高云峰,先生,57,,1270.0,大族激光,广东深圳,576,激光设备,-10%,制造业
何祖训,先生,59,中国-云南-曲靖,1270.0,神农集团,云南昆明,576,畜牧,23%,农业与食品
黄建勲,先生,59,,1270.0,联泰,广东汕头,576,基础建设、房地产,-5%,房地产与建筑
黄民奇,先生,72,中国-台湾,1270.0,汉辰科技,台湾台北,576,半导体,6%,科技与互联网
黄小芬,女士,61,中国-广东-深圳,1270.0,景旺电子,广东深圳,576,印刷电路板,13%,制造业
赖苗,先生,未知,,1270.0,景田,广东深圳,576,饮料,13%,消费品
李琼,先生,47,,1270.0,昆仑万维,北京,576,互联网游戏、投资,-18%,科技与互联网
李琼,先生,47,,1270.0,昆仑万维,北京,576,互联网游戏、投资,-18%,金融与投资
利蕴莲,先生,70,中国-香港,1270.0,希慎兴业,香港,576,房地产,-10%,房地产与建筑
刘銮鸿,先生,71,中国-香港,1270.0,利福国际,香港,576,房地产,6%,房地产与建筑
刘振东,先生,53,中国-河北-唐山,1270.0,联东,北京,576,房地产,-10%,房地产与建筑
陆兆禧,先生,55,中国-广东-广州,1270.0,阿里系,浙江杭州,576,电子商务、金融科技,-5%,科技与互联网
陆兆禧,先生,55,中国-广东-广州,1270.0,阿里系,浙江杭州,576,电子商务、金融科技,-5%,金融与投资
罗嘉瑞,先生,71,中国-香港,1270.0,鹰君,香港,576,房地产,-14%,房地产与建筑
牛宜顺、牛腾,先生,69,中国-浙江-温州,1270.0,华勤,山东济宁,576,轮胎、输送带、电力,-10%,能源与化工
牛宜顺、牛腾,先生,69,中国-浙江-温州,1270.0,华勤,山东济宁,576,轮胎、输送带、电力,-10%,制造业
潘刚,先生,54,中国-内蒙古-锡林郭勒盟,1270.0,伊利,内蒙古呼和浩特,576,乳制品,-6%,消费品
秦华,先生,56,,1270.0,乖宝宠物,山东聊城,576,宠物食品,6%,农业与食品
任建华,先生,67,中国-浙江-杭州,1270.0,老板电器,浙江杭州,576,家用电器,-31%,制造业
沈亚,先生,53,中国-浙江-温州,1270.0,唯品会,广东广州,576,新零售,-18%,科技与互联网
史英文、董晓丽,先生,59,中国-广西-南宁,1270.0,荣和,广西南宁,576,房地产,-5%,房地产与建筑
苏志刚,先生,66,中国-广东-广州,1270.0,长隆,广东广州,576,旅游,-10%,服务业
王文杉,先生,54,中国-台湾-台中,1270.0,联合报业,台湾台北,576,传媒,0%,文化娱乐
吴志刚,先生,89,中国-辽宁,1270.0,桃李面包,辽宁沈阳,576,食品,-25%,农业与食品
夏崇耀,先生,65,,1270.0,东方电缆,浙江宁波,576,电缆,32%,能源与化工
向文波,先生,62,中国-湖南-益阳,1270.0,三一,北京,576,重型机械,-20%,制造业
张建国、蔡丽红,先生,61,中国-广东-茂名,1270.0,九丰能源,广东广州,576,能源,13%,能源与化工
钟乃雄,先生,61,,1270.0,能兴,广东佛山,576,房地产、投资,-18%,房地产与建筑
钟乃雄,先生,61,,1270.0,能兴,广东佛山,576,房地产、投资,-18%,金融与投资
钟英武,先生,39,中国-湖南-岳阳,1270.0,趣加科技,北京,576,游戏,-10%,科技与互联网
朱世会,先生,57,中国-广东-广州,1270.0,先导科技,广东广州,576,稀散金属,NEW,能源与化工
卓军,女士,未知,中国-香港,1270.0,景旺电子,广东深圳,576,印刷电路板,13%,制造业
毛中吾,先生,62,中国-湖南,1240.0,三一,北京,615,重型机械,-19%,制造业
洪浩,先生,68,,1210.0,凯莱英,天津,616,医药,-43%,医疗健康
周亚辉,先生,47,中国-云南-丽江,1210.0,昆仑万维,北京,616,互联网游戏、投资,-22%,科技与互联网
周亚辉,先生,47,中国-云南-丽江,1210.0,昆仑万维,北京,616,互联网游戏、投资,-22%,金融与投资
鲍洪星,先生,60,中国-江西-龙南,1200.0,双胞胎,江西南昌,618,畜牧,42%,农业与食品
蔡海山,先生,46,,1200.0,联邦制药,香港,618,医药,31%,医疗健康
蔡其瑞,先生,73,中国-台湾,1200.0,宝成,台湾台中,618,服装,13%,消费品
陈湖文,先生,54,中国-广东-汕头 ,1200.0,晨光,上海松江,618,文具用品制造,-23%,制造业
陈湖雄,先生,54,中国-广东-汕头 ,1200.0,晨光,上海奉贤,618,文具用品制造,-23%,制造业
陈士斌、邵静,先生,58,中国-江苏-连云港,1200.0,石英股份,江苏连云港,618,石英制品,-55%,制造业
陈仕荣,先生,未知,中国-台湾,1200.0,丰泰,台湾斗六,618,鞋业,6%,消费品
程立力、沈静,先生,59,,1200.0,立华股份,江苏常州,618,畜牧,0%,农业与食品
杜锦豪、祁菊,先生,70,中国-江苏-,1200.0,艾力斯,上海,618,医药,55%,医疗健康
何志平、张文莉,先生,59,中国-江西,1200.0,华建,广东深圳,618,投资,-26%,金融与投资
黄子欣,先生,75,,1200.0,伟易达,香港,618,消费电子产品,6%,科技与互联网
寇晓康、高月静,先生,57,,1200.0,蓝晓科技,陕西西安,618,新材料,-29%,制造业
梁安琪,女士,63,中国-广东-广州,1200.0,澳博,香港,618,博彩,-6%,服务业
梁勤、王毅,先生,53,中国-江苏-扬州,1200.0,扬杰科技,江苏扬州,618,半导体,0%,科技与互联网
凌斌、王曦,先生,56,,1200.0,康冠科技,广东深圳,618,电子器件制造,-19%,制造业
陆风,先生,56,,1200.0,万得资讯,上海浦东,618,数据服务,0%,服务业
罗乐风,先生,未知,中国-香港,1200.0,晶苑国际,香港,618,服装,42%,消费品
秦荣华,先生,66,中国-台湾,1200.0,敏实,浙江宁波,618,汽车零部件,-35%,制造业
荣智权,未知,未知,,1200.0,上海商银,台湾台北,618,银行业,NEW,金融与投资
束崇万,先生,70,中国-台湾,1200.0,创见信息,台湾台北,618,半导体,31%,科技与互联网
宋飞,先生,58,,1200.0,艾迪精密,山东烟台,618,机械制造,-15%,制造业
孙惠刚,先生,未知,,1200.0,万华化学,山东烟台,618,投资,-11%,金融与投资
童锦泉,先生,69,中国-江苏-南通,1200.0,长峰房地产,上海长宁,618,房地产,-15%,房地产与建筑
王硕,先生,34,中国-北京,1200.0,Deel,美国旧金山,618,企业服务,31%,服务业
魏学专,先生,71,中国-山东-淄博,1200.0,汇丰石化,山东淄博,618,化工,6%,能源与化工
夏鼎湖、夏迎松,先生,80,中国-安徽,1200.0,中鼎,安徽宣城,618,汽车零部件,-3%,制造业
徐广福、徐翔,先生,未知,,1200.0,大全,江苏镇江,618,电气设备制造、太阳能,-37%,能源与化工
徐广福、徐翔,先生,未知,,1200.0,大全,江苏镇江,618,电气设备制造、太阳能,-37%,制造业
叶琼玖,先生,70,中国-浙江-宁波,1200.0,同花顺,浙江杭州,618,软件,-37%,科技与互联网
俞浩,先生,37,中国-江苏-南通,1200.0,追觅科技,江苏苏州,618,智能家电,63%,科技与互联网
张国涛、卢依雯,先生,39,中国-河南-开封,1200.0,迪阿,广东深圳,618,珠宝首饰,-37%,消费品
张积敏,先生,61,,1200.0,青山控股,浙江温州,618,钢铁,NEW,能源与化工
张涛,先生,52,中国-上海,1200.0,美团,北京,618,生活服务,-11%,服务业
张兴礼,先生,67,中国-重庆,1200.0,小康控股,重庆,618,汽车、汽车零配件,NEW,制造业
张兴明,先生,67,中国-重庆,1200.0,小康控股,重庆,618,汽车、汽车零配件,NEW,制造业
赵宗信,未知,未知,,1200.0,健策,台湾桃园,618,电子元件,NEW,制造业
孙宏斌,先生,61,中国-山西-运城,1170.0,融创,天津,653,房地产,-31%,房地产与建筑
王吉雷,先生,59,,1170.0,中通,上海青浦,653,快递,-8%,物流与交通
赵永昌,未知,未知,,1170.0,健策,台湾桃园,653,电子元件,NEW,制造业
曾开天,先生,未知,,1130.0,三七互娱,广东广州,656,网络游戏,-24%,科技与互联网
陈德军,先生,54,中国-浙江-杭州,1130.0,申通快递,上海青浦,656,物流,-6%,物流与交通
陈建成、陈嫣妮,先生,65,中国-浙江-绍兴,1130.0,卧龙控股,浙江绍兴,656,电气设备、房地产,-11%,房地产与建筑
陈建成、陈嫣妮,先生,65,中国-浙江-绍兴,1130.0,卧龙控股,浙江绍兴,656,电气设备、房地产,-11%,制造业
陈文源、张茜,先生,56,,1130.0,华兴源创,江苏苏州,656,设备制造,-27%,制造业
成三荣、金成成,先生,61,,1130.0,沪光股份,江苏苏州,656,汽车配件,60%,制造业
高兴江,先生,61,中国-浙江-湖州,1130.0,永兴特钢,浙江湖州,656,不锈钢,-27%,制造业
洪水树,先生,65,中国-台湾-台南,1130.0,可成科技,台湾台南,656,设备制造,10%,制造业
胡扬忠,先生,59,中国-湖北-武汉,1130.0,海康威视,浙江杭州,656,视频监控产品,-20%,制造业
江南,先生,61,中国-山东-济南,1130.0,圣丰,广东广州,656,房地产、工业制造,-6%,房地产与建筑
江南,先生,61,中国-山东-济南,1130.0,圣丰,广东广州,656,房地产、工业制造,-6%,制造业
井贤栋,先生,52,,1130.0,阿里系,浙江杭州,656,电子商务、金融科技,-6%,科技与互联网
井贤栋,先生,52,,1130.0,阿里系,浙江杭州,656,电子商务、金融科技,-6%,金融与投资
李斌,先生,50,中国-安徽,1130.0,蔚来、易车,上海嘉定,656,电动车,-53%,制造业
李东生,先生,67,中国-广东-惠州,1130.0,TCL,广东惠州,656,家用电器及半导体产品,0%,科技与互联网
李国库,先生,未知,,1130.0,千喜鹤,北京,656,餐饮,-16%,服务业
李国庆,先生,54,中国-浙江,1130.0,荣盛控股,浙江杭州,656,化纤,-20%,能源与化工
李卫伟,先生,47,中国-四川-成都,1130.0,三七互娱,广东广州,656,网络游戏,-27%,科技与互联网
李永庆,先生,60,中国-浙江,1130.0,荣盛控股,浙江杭州,656,化纤,-20%,能源与化工
梁信军,先生,56,中国-浙江-台州,1130.0,-,上海,656,投资,-11%,金融与投资
刘程宇、刘玲,先生,62,中国-福建-宁德,1130.0,科士达,广东深圳,656,电力设备,-38%,能源与化工
刘天文,先生,61,,1130.0,软通动力,北京,656,软件与信息服务,NEW,科技与互联网
刘晓东,先生,57,,1130.0,百润,上海浦东,656,香料、酒业,-45%,农业与食品
龙大强、孟丽叶,先生,未知,,1130.0,中润光能,江苏徐州,656,光伏电池,NEW,制造业
罗阳勇、刘玉霞,先生,49,,1130.0,安宁股份,四川攀枝花,656,钒钛磁铁矿,-16%,能源与化工
阮水龙,先生,89,中国-山东-济宁,1130.0,龙盛,浙江绍兴,656,化工、钢铁,0%,能源与化工
沈华、胡畏,先生,61,,1130.0,斯达半导,浙江嘉兴,656,半导体,-43%,科技与互联网
盛百椒,先生,72,中国-上海,1130.0,百丽,广东深圳,656,鞋业,7%,消费品
施崇棠,先生,72,中国-台湾-彰化,1130.0,华硕,台湾台北,656,电脑产品,23%,制造业
苏庆灿,先生,55,,1130.0,华厦眼科,福建厦门,656,医疗服务,-61%,医疗健康
孙怀庆、王晓蒲,先生,55,中国-重庆,1130.0,丸美,广东广州,656,化妆品,-16%,消费品
孙清焕、孙项邦,先生,51,中国-江西-宜春,1130.0,木林森,广东中山,656,光学光电,-6%,能源与化工
孙喜双,先生,71,中国-吉林,1130.0,一方,北京,656,房地产、投资,-1%,房地产与建筑
孙喜双,先生,71,中国-吉林,1130.0,一方,北京,656,房地产、投资,-1%,金融与投资
孙勇坚,先生,58,,1130.0,宝矿,上海闸北,656,地产、贸易,0%,房地产与建筑
孙勇坚,先生,58,,1130.0,宝矿,上海闸北,656,地产、贸易,0%,金融与投资
唐敖齐,先生,79,,1130.0,新泉股份,江苏常州,656,汽车配饰,-27%,制造业
陶悦群,先生,64,,1130.0,欧普康视,安徽合肥,656,医疗器械制造、销售,-30%,服务业
陶悦群,先生,64,,1130.0,欧普康视,安徽合肥,656,医疗器械制造、销售,-30%,制造业
汪力成,先生,64,中国-浙江-杭州,1130.0,华立,浙江杭州,656,医药、投资,-11%,医疗健康
汪力成,先生,64,中国-浙江-杭州,1130.0,华立,浙江杭州,656,医药、投资,-11%,金融与投资
王仕锐,先生,37,,1130.0,医联,四川成都,656,医疗服务,0%,医疗健康
王文渊,先生,77,中国-台湾-台北,1130.0,台塑,台湾高雄,656,化工,-20%,能源与化工
肖日明,先生,88,中国-上海,1130.0,华明装备,上海,656,电力设备,60%,能源与化工
许江南、许晶,先生,62,,1130.0,天新药业,江西景德镇,656,医药,-6%,医疗健康
许庆奎、许英强,先生,未知,,1130.0,九羊,山东莱芜,656,钢铁、冶金、机械,-6%,制造业
许庆奎、许英强,先生,未知,,1130.0,九羊,山东莱芜,656,钢铁、冶金、机械,-6%,能源与化工
许月娟,先生,未知,中国-浙江,1130.0,荣盛控股,浙江杭州,656,化纤,-20%,能源与化工
杨元庆,先生,60,中国-安徽-合肥,1130.0,联想,北京,656,计算机服务、投资,18%,服务业
杨元庆,先生,60,中国-安徽-合肥,1130.0,联想,北京,656,计算机服务、投资,18%,金融与投资
杨长基,先生,未知,,1130.0,金像电子,台湾桃园,656,消费电子产品,NEW,科技与互联网
叶德林、李要,先生,56,中国-广东-佛山,1130.0,新明珠,广东佛山,656,建筑陶瓷,0%,房地产与建筑
钟德礼,未知,未知,,1130.0,来亿兴业,台湾台中,656,鞋业,NEW,消费品
周庆治,先生,69,,1130.0,南都,上海浦东,656,电池、投资,-20%,制造业
周庆治,先生,69,,1130.0,南都,上海浦东,656,电池、投资,-20%,金融与投资
欧雷强,先生,56,美国,1100.0,百济神州,北京,701,医药,-29%,医疗健康
周志文、冯宇霞,先生,59,,1080.0,昭衍新药,北京,702,生物医药,-23%,医疗健康
苗拥军,先生,57,中国-河南-郑州,1070.0,安图生物,河南郑州,703,医药制造业,-7%,制造业
曹德风、孟海蒂,先生,79,,1060.0,佳格,台湾台北,704,食品和饮料,3%,消费品
曾继疆,先生,62,中国-湖南,1060.0,宏达电子,湖南株洲,704,电子器件制造,-32%,制造业
陈慧慧,女士,65,中国-香港,1060.0,南丰,香港,704,房地产,3%,房地产与建筑
方玉友,先生,55,中国-浙江-温州,1060.0,珀莱雅,浙江杭州,704,化妆品,-25%,消费品
冯国纶,先生,76,中国-广东-江门,1060.0,利丰,香港,704,物流,0%,物流与交通
顾江生,先生,51,中国-浙江-台州,1060.0,顾家家居,浙江杭州,704,家具,-57%,消费品
吉为、吉喆,先生,67,,1060.0,威胜信息,湖南长沙,704,通信设备,50%,制造业
蒋伟、游捷,先生,未知,,1060.0,昊海生物,上海松江,704,生物医药,-17%,医疗健康
柯为湘,先生,73,中国-广东-潮州,1060.0,保利达,香港,704,房地产,-21%,房地产与建筑
柯希平,先生,64,中国-福建-泉州,1060.0,恒兴实业,福建厦门,704,投资、地产,-6%,房地产与建筑
柯希平,先生,64,中国-福建-泉州,1060.0,恒兴实业,福建厦门,704,投资、地产,-6%,金融与投资
李阔,先生,未知,,1060.0,白贝壳,浙江杭州,704,母婴产品,0%,制造业
李添财,先生,86,,1060.0,金车,台湾台北,704,食品和饮料,0%,消费品
李晓华,先生,62,中国-云南,1060.0,恩捷股份,云南玉溪,704,包装盒生产,-44%,制造业
刘伟,先生,59,中国-广东-梅州,1060.0,佳都科技,广东广州,704,软件和信息技术,-6%,科技与互联网
卢宗俊,先生,61,,1060.0,中谷物流,上海浦东,704,物流,-12%,物流与交通
马斌、陈小琴,先生,54,,1060.0,神马,江苏南通,704,电气机械和器材,36%,制造业
任晋生,先生,62,中国-江苏-南京,1060.0,先声药业,江苏南京,704,生物医药,0%,医疗健康
茹伯兴、茹正伟,先生,77,中国-江苏-常州,1060.0,百兴,江苏常州,704,工业制造、房地产,0%,房地产与建筑
茹伯兴、茹正伟,先生,77,中国-江苏-常州,1060.0,百兴,江苏常州,704,工业制造、房地产,0%,制造业
佘英杰,先生,67,,1060.0,新豪国际,香港,704,电子设备制造,15%,科技与互联网
宋卫平、夏一波,先生,66,中国-浙江-绍兴,1060.0,绿城,浙江杭州,704,房地产,-6%,房地产与建筑
谭炳照,先生,60,,1060.0,敏捷,广东广州,704,房地产,-25%,房地产与建筑
谭莉莉,先生,未知,,1060.0,海大,广东广州,704,饲料,-17%,农业与食品
王晖,先生,63,,1060.0,盛美半导体,上海浦东,704,半导体,-17%,科技与互联网
王文潮,先生,73,中国-台湾-台北,1060.0,台塑,台湾高雄,704,化工,-17%,能源与化工
王文洋、王思涵,先生,73,中国-台湾-新北,1060.0,宏仁,广东广州,704,化学原料,-17%,能源与化工
王信文,先生,37,,1060.0,莉莉丝,上海,704,游戏,-12%,科技与互联网
王义平,先生,63,中国-浙江,1060.0,继峰股份,浙江宁波,704,汽车零部件,-17%,制造业
吴宝田,先生,73,,1060.0,丽宝,台湾台北,704,房地产、酒店,0%,房地产与建筑
吴宝田,先生,73,,1060.0,丽宝,台湾台北,704,房地产、酒店,0%,服务业
吴仲毅,先生,51,,1060.0,亿联网络,福建厦门,704,通信,-12%,科技与互联网
肖红星、刘锦婵,未知,未知,中国-海南,1060.0,广合科技,广东广州,704,电子元件,NEW,制造业
徐万茂,先生,79,中国-浙江-宁波,1060.0,华茂,浙江宁波,704,文具、教育、房地产、金融,-12%,房地产与建筑
徐万茂,先生,79,中国-浙江-宁波,1060.0,华茂,浙江宁波,704,文具、教育、房地产、金融,-12%,服务业
徐万茂,先生,79,中国-浙江-宁波,1060.0,华茂,浙江宁波,704,文具、教育、房地产、金融,-12%,消费品
徐万茂,先生,79,中国-浙江-宁波,1060.0,华茂,浙江宁波,704,文具、教育、房地产、金融,-12%,金融与投资
闫洪嘉,先生,44,中国-山西-沂州,1060.0,宇泽,云南楚雄,704,新能源,-6%,能源与化工
杨浩涌,先生,50,中国-安徽-合肥,1060.0,车好多,北京,704,汽车服务,0%,制造业
杨秋梅,未知,未知,,1060.0,商汤科技,北京,704,人工智能,-25%,科技与互联网
杨钊,先生,77,中国-广东-惠州,1060.0,旭日企业,香港,704,服装、房地产,3%,房地产与建筑
杨钊,先生,77,中国-广东-惠州,1060.0,旭日企业,香港,704,服装、房地产,3%,消费品
杨志茂、朱凤廉,先生,61,中国-广东-东莞,1060.0,新世纪科教,广东东莞,704,投资,-17%,金融与投资
俞其兵,先生,59,中国-浙江,1060.0,旗滨,浙江宁波,704,玻璃,-38%,房地产与建筑
张伟祥,先生,未知,中国-浙江-绍兴,1060.0,建龙,北京,704,钢铁、矿业、船运,-6%,物流与交通
张伟祥,先生,未知,中国-浙江-绍兴,1060.0,建龙,北京,704,钢铁、矿业、船运,-6%,能源与化工
张新,先生,62,中国-甘肃-武威,1060.0,特变电工,新疆昌吉,704,电气机械和器材制造,-6%,制造业
李林,先生,42,,1030.0,火币,北京,743,区块链,4%,科技与互联网
方同华,先生,61,中国-安徽-毫州,1010.0,珍宝岛药业,黑龙江鸡西,744,医药,-10%,医疗健康
李晓林,先生,71,中国-北京,1010.0,林达,北京,744,房地产、投资,-10%,房地产与建筑
李晓林,先生,71,中国-北京,1010.0,林达,北京,744,房地产、投资,-10%,金融与投资
邵晓峰,先生,59,中国-浙江-杭州,1010.0,阿里系,浙江杭州,744,电子商务、金融科技,-4%,科技与互联网
邵晓峰,先生,59,中国-浙江-杭州,1010.0,阿里系,浙江杭州,744,电子商务、金融科技,-4%,金融与投资
蔡荣军,先生,52,中国-广东-汕头,1000.0,欧菲光,广东深圳,747,光电子元器件,9%,科技与互联网
陈奇星,先生,65,,1000.0,长盈精密,广东深圳,747,电子元件,9%,制造业
彭永东,先生,45,,1000.0,贝壳,北京,747,房地产服务,-3%,房地产与建筑
沈汉标、王妙玉,先生,52,中国-广东-汕头,1000.0,好太太,广东广州,747,耐用消费品,-29%,消费品
王慧文,先生,46,,1000.0,美团,北京,747,生活服务,-8%,服务业
易贤忠,先生,65,中国-湖北,1000.0,百奥泰,广东广州,747,生物医药,-21%,医疗健康
朱一明,先生,52,,1000.0,兆易创新,北京,747,芯片研发,-12%,科技与互联网
陈海波,先生,55,中国-江苏-连云港,990.0,深兰科技,上海,754,人工智能,0%,科技与互联网
陈精业,未知,未知,,990.0,冬海集团,新加坡,754,网络游戏、电商,NEW,科技与互联网
戴文渊、吴茗,先生,41,中国-江苏-苏州,990.0,第四范式,北京,754,人工智能,-18%,科技与互联网
高毅,先生,56,中国-湖南-常德,990.0,益丰药房,湖南长沙,754,医药零售,-26%,医疗健康
耿建明、杨小青,先生,62,中国-江苏-南京,990.0,荣盛,河北廊坊,754,房地产,-39%,房地产与建筑
郭建刚,先生,58,中国-广东-佛山,990.0,新宝电器,广东佛山,754,小家电,-18%,制造业
韩玉龙、陆剑霞,先生,39,中国-江苏-南通,990.0,Manner,上海,754,餐饮,0%,服务业
侯昌财,先生,68,中国-福建-泉州,990.0,源昌,福建厦门,754,房地产,-13%,房地产与建筑
黄健,先生,57,中国-湖南-岳阳,990.0,美的,广东佛山,754,家电制造,17%,制造业
黄伟、李萍,先生,65,中国-浙江-温州,990.0,新湖,浙江杭州,754,房地产、金融,-62%,房地产与建筑
黄伟、李萍,先生,65,中国-浙江-温州,990.0,新湖,浙江杭州,754,房地产、金融,-62%,金融与投资
黄泽兰、赖香英,先生,69,中国-江西-赣州,990.0,章源钨业,江西赣州,754,钨矿,0%,能源与化工
姜雪飞、朱雪花,先生,55,中国-辽宁-大连,990.0,崇达科技,广东深圳,754,印刷电路板,-18%,制造业
李国强,先生,60,,990.0,中升控股,辽宁大连,754,汽车销售,-44%,服务业
李进、李麒麟,先生,54,,990.0,李宁,北京,754,体育用品、投资,-19%,文化娱乐
李进、李麒麟,先生,54,,990.0,李宁,北京,754,体育用品、投资,-19%,金融与投资
李振江,先生,67,中国-河北-石家庄,990.0,神威,河北石家庄,754,医药,13%,医疗健康
李志远、靖宇清,先生,69,中国-广西-南宁,990.0,金盘科技,海南海口,754,变压器,-7%,制造业
聂云宸,先生,33,,990.0,喜茶,广东深圳,754,餐饮,-18%,服务业
彭军,先生,未知,,990.0,小马智行,广东广州,754,自动驾驶技术,0%,科技与互联网
乔玉华,先生,58,中国-内蒙古-鄂尔多斯,990.0,双欣,内蒙古鄂尔多斯,754,煤炭、热电、化工,4%,能源与化工
孙伟杰,先生,61,中国-山东,990.0,杰瑞石油,山东烟台,754,石油专用设备,0%,能源与化工
谭瑞清、张晓琳,先生,58,中国-河南,990.0,龙佰,河南焦作,754,钛白粉,-5%,能源与化工
唐晔,先生,43,,990.0,柏楚电子,上海闵行,754,信息技术,-7%,科技与互联网
王锦华、宋英,先生,61,中国-浙江,990.0,金石资源,浙江杭州,754,矿产,-13%,能源与化工
王敏文,先生,61,中国-浙江,990.0,立昂微,浙江杭州,754,半导体,-26%,科技与互联网
吴崇仪,先生,65,中国-台湾,990.0,至兴,台湾彰化,754,汽车零部件,-4%,制造业
徐冠巨,先生,63,中国-浙江-杭州,990.0,传化,浙江杭州,754,化工、农业、投资,-18%,农业与食品
徐冠巨,先生,63,中国-浙江-杭州,990.0,传化,浙江杭州,754,化工、农业、投资,-18%,能源与化工
徐冠巨,先生,63,中国-浙江-杭州,990.0,传化,浙江杭州,754,化工、农业、投资,-18%,金融与投资
许志翰,先生,52,,990.0,卓胜微,江苏无锡,754,电子器件制造,-39%,制造业
薛济萍,先生,73,中国-江苏-南通,990.0,中天科技,江苏南通,754,电缆,-7%,能源与化工
姚其湧,先生,60,,990.0,宏兆,广东深圳,754,投资,0%,金融与投资
袁菁,先生,44,,990.0,沐瞳科技,上海,754,游戏,0%,科技与互联网
张大中,先生,76,中国-北京,990.0,大中,北京,754,投资,-20%,金融与投资
张晖,先生,46,中国-江苏,990.0,满帮,贵州贵阳,754,运输,0%,物流与交通
张利钿,先生,60,中国-广东-潮州,990.0,雅士利,广东潮州,754,乳业,8%,农业与食品
张跃、赖玉静,先生,64,中国-湖南-长沙,990.0,远大,湖南长沙,754,环保建筑,-22%,房地产与建筑
周国辉,先生,59,中国-广东-梅州,990.0,怡亚通,广东深圳,754,供应链,-7%,物流与交通
周骏,先生,未知,,990.0,景田,广东深圳,754,饮料,8%,消费品
庄奎龙,先生,62,,990.0,新凤鸣,浙江嘉兴,754,化纤,-18%,能源与化工
左宗申,先生,71,中国-重庆,990.0,宗申,重庆,754,摩托车、房地产,27%,房地产与建筑
左宗申,先生,71,中国-重庆,990.0,宗申,重庆,754,摩托车、房地产,27%,制造业
AllanWarburg王沛德,先生,58,丹麦,960.0,绫致时装,北京,792,服装零售,13%,消费品
DanFriis丹飞,先生,55,,960.0,绫致时装,北京,792,服装零售,13%,消费品
丹宏,先生,未知,,960.0,五得利,河北邯郸,792,面粉,-7%,农业与食品
傅明康,先生,61,,960.0,日月股份,浙江宁波,792,机械配件,-32%,制造业
邵建雄,先生,60,中国-浙江,960.0,禾迈股份,浙江杭州,792,光伏逆变器,-20%,能源与化工
伍超群,先生,55,中国-四川-眉山,960.0,千禾味业,四川眉山,792,食品,-20%,农业与食品
张德生,先生,75,中国-浙江,960.0,万马电线电缆,浙江杭州,792,电缆、房地产、医药,-7%,房地产与建筑
张德生,先生,75,中国-浙江,960.0,万马电线电缆,浙江杭州,792,电缆、房地产、医药,-7%,能源与化工
张德生,先生,75,中国-浙江,960.0,万马电线电缆,浙江杭州,792,电缆、房地产、医药,-7%,医疗健康
康永来,未知,未知,,940.0,天兵科技,江苏苏州,799,航天,NEW,科技与互联网
柯桂华,先生,59,,940.0,科博达,上海浦东,799,汽车电子产品,-42%,科技与互联网
张华,先生,未知,,940.0,福华,四川成都,799,农业、造纸、矿产,-8%,能源与化工
张华,先生,未知,,940.0,福华,四川成都,799,农业、造纸、矿产,-8%,农业与食品
张华,先生,未知,,940.0,福华,四川成都,799,农业、造纸、矿产,-8%,制造业
赵曰岭,先生,72,中国-山东,940.0,金岭,山东东营,799,化工,5%,能源与化工
丁锋,先生,58,,930.0,星星充电,江苏常州,803,充电桩,0%,能源与化工
邵丹薇,女士,42,中国-江苏-常州,930.0,星星充电,江苏常州,803,充电桩,0%,能源与化工
夏曙东,先生,52,中国-湖北-黄冈,930.0,千方科技,北京,803,智能交通,-18%,物流与交通
袁桂宝、袁晓曦,先生,未知,,930.0,鸿宝集团,河南郑州,803,房地产、园林,-18%,房地产与建筑
赵鹏,先生,54,中国-山西-长治,930.0,BOSS直聘,北京,803,招聘网站,-20%,服务业
包松安,先生,未知,中国-浙江-温州,920.0,亿联投资,天津,808,房地产、投资,-17%,房地产与建筑
包松安,先生,未知,中国-浙江-温州,920.0,亿联投资,天津,808,房地产、投资,-17%,金融与投资
曹骥、曹政,先生,72,中国-浙江,920.0,杭可科技,浙江杭州,808,锂电池,-41%,制造业
陈邦栋,先生,54,,920.0,思源电气,上海闵行,808,输配电设备,30%,制造业
陈保华,先生,62,中国-浙江-台州,920.0,华海药业,浙江台州,808,医药,0%,医疗健康
陈竞宏,先生,78,,920.0,华达科技,江苏泰州,808,汽车零部件,NEW,制造业
程涌、贺波,先生,50,中国-湖南-沅江,920.0,奥士康,广东深圳,808,高密度印制电路板,-13%,制造业
邓耀升,先生,38,中国-香港,920.0,升域,香港,808,房地产,0%,房地产与建筑
丁永强,先生,44,中国-湖北-随州,920.0,古瑞瓦特,广东深圳,808,光伏设备,-28%,制造业
董清世、施丹红,先生,58,,920.0,信义,香港,808,玻璃,-24%,房地产与建筑
何中林,先生,56,,920.0,融通,湖北黄石,808,锂电池材料,-13%,制造业
李朝旺,先生,66,中国-广东-江门,920.0,维达国际,香港,808,生活卫生产品,18%,制造业
李海周、谢燕玲,先生,54,中国-广东-梅州,920.0,兆威机电,广东深圳,808,电气设备,-24%,制造业
李强,先生,未知,,920.0,百雀羚,上海,808,化妆品,-7%,消费品
李思廉,先生,67,中国-香港,920.0,富力地产,广东广州,808,投资、房地产,-7%,房地产与建筑
李思廉,先生,67,中国-香港,920.0,富力地产,广东广州,808,投资、房地产,-7%,金融与投资
李小勤、徐梅钧,先生,53,中国-浙江-杭州,920.0,匠心家居,江苏常州,808,家具,NEW,消费品
李新炎、倪银英,先生,73,中国-福建-泉州,920.0,中国龙工,上海松江,808,重型工程用车,0%,制造业
励建立,先生,52,,920.0,科达利,广东深圳,808,锂电池结构件,-35%,制造业
廖杰远,先生,未知,,920.0,微医,浙江杭州,808,医疗服务,0%,医疗健康
刘明辉,先生,61,中国-香港,920.0,中国燃气,香港,808,能源,-7%,能源与化工
刘庆峰,先生,51,中国-安徽-宣城,920.0,科大讯飞,安徽合肥,808,软件和信息技术服务业,-33%,科技与互联网
刘先兵,未知,未知,,920.0,珂玛科技,江苏苏州,808,陶瓷材料,NEW,制造业
刘修才,先生,67,,920.0,凯赛生物,上海浦东,808,生物材料,-35%,制造业
陆永华、毛彩虹,先生,61,中国-江苏-南通,920.0,林洋能源,江苏南通,808,太阳能,-7%,能源与化工
罗康瑞,先生,76,中国-香港,920.0,瑞安,香港,808,房地产,-11%,房地产与建筑
吕培榕,先生,65,中国-福建-泉州,920.0,大帝,福建泉州,808,投资、房地产、服装,-11%,房地产与建筑
吕培榕,先生,65,中国-福建-泉州,920.0,大帝,福建泉州,808,投资、房地产、服装,-11%,消费品
吕培榕,先生,65,中国-福建-泉州,920.0,大帝,福建泉州,808,投资、房地产、服装,-11%,金融与投资
明再远,先生,61,中国-四川-德阳,920.0,新天然气,新疆乌鲁木齐,808,天然气,18%,能源与化工
欧亚平,先生,62,中国-湖南-长沙,920.0,百仕达,香港,808,天然气、房地产,0%,房地产与建筑
欧亚平,先生,62,中国-湖南-长沙,920.0,百仕达,香港,808,天然气、房地产,0%,能源与化工
邱建林,先生,61,中国-浙江,920.0,恒逸,浙江杭州,808,化纤,-11%,能源与化工
邱敏秀,先生,79,,920.0,晶盛机电,浙江绍兴,808,机电设备,-55%,制造业
邱祥娟,先生,未知,中国-浙江,920.0,恒逸,浙江杭州,808,化纤,-11%,能源与化工
邱奕博,先生,37,中国-浙江,920.0,恒逸,浙江杭州,808,化纤,-11%,能源与化工
裘国根、骆奕,先生,55,中国-浙江-绍兴,920.0,重阳投资,上海浦东,808,投资,-7%,金融与投资
孙毅,先生,57,中国-浙江,920.0,浙富控股,浙江杭州,808,清洁能源装备,-24%,能源与化工
王建沂,先生,61,中国-浙江,920.0,富通,浙江杭州,808,光纤光缆,-63%,制造业
王文城,先生,未知,中国-广东,920.0,大中,广东东莞,808,石材、房地产,-7%,房地产与建筑
温纯青、温瀚东,先生,53,中国-广东-梅州,920.0,大百汇,广东深圳,808,烟草、房地产、白酒,8%,房地产与建筑
温纯青、温瀚东,先生,53,中国-广东-梅州,920.0,大百汇,广东深圳,808,烟草、房地产、白酒,8%,消费品
吴波,先生,70,中国-江苏-南京,920.0,埃斯顿,江苏南京,808,机械装备制造,-38%,制造业
吴昕阳,先生,未知,中国-台湾-台北,920.0,新光三越,台湾台北,808,房地产,-11%,房地产与建筑
熊小川,先生,58,,920.0,美好创亿,广东深圳,808,医疗机械,-13%,制造业
徐旭东、徐若桐,先生,54,,920.0,旭升汽车技术,浙江宁波,808,汽车零部件,-55%,制造业
姚俊良,先生,71,,920.0,美锦能源,山西太原,808,煤炭,-13%,能源与化工
詹国海,先生,56,,920.0,鑫海控股,河北沧州,808,石油化工,18%,能源与化工
张波,先生,未知,,920.0,美团,北京,808,生活服务,-11%,服务业
张近东,先生,61,中国-江苏-南京,920.0,苏宁,江苏南京,808,零售、房地产,-28%,房地产与建筑
张近东,先生,61,中国-江苏-南京,920.0,苏宁,江苏南京,808,零售、房地产,-28%,服务业
张思民、王劲松,先生,62,中国-吉林-长春,920.0,海王,广东深圳,808,医药、房地产,-13%,房地产与建筑
张思民、王劲松,先生,62,中国-吉林-长春,920.0,海王,广东深圳,808,医药、房地产,-13%,医疗健康
张轩松,先生,53,中国-福建-福州,920.0,永辉,福建福州,808,超市零售,-19%,服务业
折生阳,先生,69,中国-陕西-西安,920.0,铂力特,陕西西安,808,金属增材制造,-38%,制造业
钟志平,先生,71,中国-澳门,920.0,创科实业,香港,808,消费品,30%,消费品
周伟建,先生,未知,,920.0,美涂士,广东广州,808,墙面保护装饰,-13%,房地产与建筑
朱敏、徐郁清,先生,76,中国-浙江-宁波,920.0,赛伯乐,浙江杭州,808,投资,-11%,金融与投资
宗艳民,先生,60,,920.0,天岳先进,山东济南,808,半导体材料,-13%,科技与互联网
褚健,先生,61,,890.0,中控技术,浙江杭州,859,软件系统,-21%,科技与互联网
樊铮,先生,45,中国-上海,890.0,理想汽车,北京,859,新能源汽车,-50%,制造业
黄关林,先生,58,中国-浙江,890.0,申洲针织,浙江宁波,859,纺织、服装,-16%,消费品
石毅峰,先生,50,中国-山西-晋中,890.0,爱美客,北京,859,生物制药,-50%,医疗健康
王斌,先生,38,中国-湖南,890.0,书亦餐饮,四川成都,859,餐饮连锁,-19%,服务业
程先锋,先生,56,,870.0,亿帆鑫富,浙江杭州,864,医药,-17%,医疗健康
戴珊,先生,48,,870.0,阿里系,浙江杭州,864,电子商务、金融科技,-5%,科技与互联网
戴珊,先生,48,,870.0,阿里系,浙江杭州,864,电子商务、金融科技,-5%,金融与投资
石克荣,先生,67,中国-河北-廊坊,870.0,汇福,河北廊坊,864,食品,-15%,农业与食品
寿柏年,先生,62,中国-浙江-绍兴,870.0,绿城服务,浙江杭州,864,物业管理,-2%,服务业
吴泳铭,先生,49,,870.0,阿里系,浙江杭州,864,电子商务、金融科技,-5%,科技与互联网
吴泳铭,先生,49,,870.0,阿里系,浙江杭州,864,电子商务、金融科技,-5%,金融与投资
赵彤彤,先生,未知,,870.0,华住,上海闵行,864,连锁酒店,-23%,服务业
贾国龙,先生,57,中国-内蒙古-巴彦淖尔,860.0,西贝,北京,870,餐饮,2%,服务业
姜龙,先生,50,,860.0,歌尔股份,山东潍坊,870,声学及多媒体产品,NEW,科技与互联网
徐观宝,先生,67,中国-浙江-杭州,860.0,传化,浙江杭州,870,化工、农业、投资,-19%,农业与食品
徐观宝,先生,67,中国-浙江-杭州,860.0,传化,浙江杭州,870,化工、农业、投资,-19%,能源与化工
徐观宝,先生,67,中国-浙江-杭州,860.0,传化,浙江杭州,870,化工、农业、投资,-19%,金融与投资
尤金焕,先生,未知,,860.0,华峰,浙江温州,870,化工、铝业、投资,2%,能源与化工
尤金焕,先生,未知,,860.0,华峰,浙江温州,870,化工、铝业、投资,2%,金融与投资
赵凯,先生,未知,,860.0,成都环球世纪,四川成都,870,投资、房地产,-10%,房地产与建筑
赵凯,先生,未知,,860.0,成都环球世纪,四川成都,870,投资、房地产,-10%,金融与投资
蔡开云,先生,52,,850.0,稻花香,湖北宜昌,875,白酒,-25%,消费品
陈睿,先生,46,中国-四川-成都,850.0,哔哩哔哩,上海杨浦,875,视频弹幕网站,0%,科技与互联网
杜伟民,先生,61,中国-江西-南昌,850.0,康泰生物,广东深圳,875,生物医药,-37%,医疗健康
辜侯天仪,先生,未知,,850.0,台泥,台湾台北,875,水泥,-8%,房地产与建筑
胡鹍辉,先生,33,中国-广东-深圳,850.0,亚辉龙,广东深圳,875,生物科技,20%,医疗健康
黄金祥、赵启荣,先生,59,中国-安徽-宣城,850.0,安徽广信,安徽宣城,875,农药化肥、房地产,-33%,房地产与建筑
黄金祥、赵启荣,先生,59,中国-安徽-宣城,850.0,安徽广信,安徽宣城,875,农药化肥、房地产,-33%,农业与食品
金鑫,先生,57,,850.0,大金重工,辽宁阜新,875,钢结构产品,-14%,房地产与建筑
柯利明,未知,未知,,850.0,中国儒意,香港,875,娱乐,NEW,文化娱乐
赖国贵,先生,60,,850.0,春风控股集团,浙江杭州,875,摩托车,-3%,制造业
李杰,先生,49,中国-四川,850.0,极兔速递,印度尼西亚雅加达,875,物流快递,-45%,物流与交通
李凯莉,女士,未知,,850.0,龙岩,台湾新北,875,殡葬服务,13%,服务业
李平,先生,60,中国-江西-赣州,850.0,天高,广东广州,875,矿业开发、冶金贸易,-20%,能源与化工
李平,先生,60,中国-江西-赣州,850.0,天高,广东广州,875,矿业开发、冶金贸易,-20%,金融与投资
李咏怡,女士,未知,,850.0,粤丰环保,广东东莞,875,环保,0%,服务业
梁桐灿,先生,未知,中国-广东-佛山,850.0,宏宇,广东佛山,875,建筑陶瓷,-20%,房地产与建筑
刘宝林,先生,71,中国-湖北-孝感,850.0,九州通,湖北武汉,875,医药流通,-20%,医疗健康
楼天城,先生,未知,,850.0,小马智行,广东广州,875,自动驾驶技术,0%,科技与互联网
鲁楚平、彭惠,先生,59,中国-湖北-孝感,850.0,大洋电机,广东中山,875,工业电机,-8%,制造业
吕绍林、程彩霞,先生,51,中国-湖南-邵阳,850.0,博众精工,江苏苏州,875,自动化设备,-20%,制造业
缪双大、缪文彬,先生,73,中国-江苏-无锡,850.0,双良,江苏无锡,875,空调设备,-18%,制造业
沈波,先生,61,,850.0,分布式资本,上海虹口,875,投资,9%,金融与投资
苏如春,先生,56,,850.0,华邦,广东广州,875,房地产、建筑、投资,-8%,房地产与建筑
苏如春,先生,56,,850.0,华邦,广东广州,875,房地产、建筑、投资,-8%,金融与投资
孙中伟、温美婵,先生,46,中国-山东,850.0,华宝新能,广东深圳,875,便携储能电池、太阳能,9%,能源与化工
孙中伟、温美婵,先生,46,中国-山东,850.0,华宝新能,广东深圳,875,便携储能电池、太阳能,9%,制造业
童文红,先生,54,,850.0,阿里系,浙江杭州,875,电子商务、金融科技,-5%,科技与互联网
童文红,先生,54,,850.0,阿里系,浙江杭州,875,电子商务、金融科技,-5%,金融与投资
王佳、严立,先生,55,中国-云南-昆明,850.0,启明星辰,北京,875,网络安全,-40%,科技与互联网
王建东,先生,52,中国-河北-邯郸,850.0,中建融东,河北邯郸,875,钢铁,-25%,能源与化工
王明鎏,先生,41,中国-四川-成都,850.0,毛球科技,四川成都,875,投资、区块链、游戏,-33%,科技与互联网
王明鎏,先生,41,中国-四川-成都,850.0,毛球科技,四川成都,875,投资、区块链、游戏,-33%,金融与投资
王铭祥、周一峰,先生,46,中国-江苏-南通,850.0,东华能源,江苏南京,875,石油化工,-18%,能源与化工
王维东、许小菊,先生,47,中国-甘肃-酒泉,850.0,赢合科技,广东深圳,875,自动化设备,-14%,制造业
王霄锟、刘洧宏,先生,41,,850.0,茶百道,四川成都,875,餐饮连锁,-59%,服务业
王跃旦,先生,71,,850.0,富佳实业,浙江宁波,875,家用电器,15%,制造业
王泽龙,先生,未知,,850.0,中核钛白,广东广州,875,钛白粉,-29%,能源与化工
谢剑辉,先生,未知,,850.0,富兴,湖南长沙,875,汽车服务，产业园区,3%,制造业
徐进,先生,59,,850.0,口子窖,安徽淮北,875,白酒,-23%,消费品
徐少春,先生,61,中国-湖南-益阳,850.0,金蝶国际,广东深圳,875,财务软件,-40%,科技与互联网
杨受成,先生,80,中国-香港,850.0,英皇,香港,875,房地产,-18%,房地产与建筑
袁莉萍,先生,53,,850.0,康泰生物,广东深圳,875,生物医药,-33%,医疗健康
张清森,未知,未知,,850.0,绿联科技,广东深圳,875,电子配件,NEW,制造业
张勇,先生,未知,,850.0,阿里系,浙江杭州,875,电子商务、金融科技,-6%,科技与互联网
张勇,先生,未知,,850.0,阿里系,浙江杭州,875,电子商务、金融科技,-6%,金融与投资
张重兴,未知,未知,,850.0,台湾精锐,台湾台中,875,工业机械,NEW,制造业
赵满堂,先生,64,中国-甘肃-天水,850.0,盛达,甘肃兰州,875,矿业、酒店,-14%,服务业
赵满堂,先生,64,中国-甘肃-天水,850.0,盛达,甘肃兰州,875,矿业、酒店,-14%,能源与化工
赵延平、杨云,先生,56,中国-吉林,850.0,华测导航,上海青浦,875,卫星导航,-8%,服务业
甄荣辉,先生,62,中国-香港,850.0,51job,上海静安,875,互联网服务,0%,科技与互联网
周旭明,先生,51,,850.0,科思股份,江苏南京,875,化学品原料,-24%,能源与化工
陈泽民,先生,81,中国-重庆-江津,830.0,三全食品,河南郑州,918,食品,-23%,农业与食品
刘德,先生,未知,,830.0,小米,北京,918,北京,NEW,金融与投资
姚劲波,先生,48,中国-湖南-益阳,830.0,58同城,北京,918,生活服务,-2%,服务业
张亚、周文梅,先生,55,,830.0,国光电气,四川成都,918,微波电子器件,-41%,制造业
赵鸿飞,先生,50,,830.0,中科创达,北京,918,智能终端操作系统,-49%,科技与互联网
吕建明,先生,59,中国-浙江,820.0,通策医疗,浙江杭州,923,医疗器械,-32%,制造业
申东日,先生,52,中国-黑龙江-绥化,820.0,朗姿,北京,923,服装,-29%,消费品
王德根、张强,先生,53,中国-四川,820.0,德康农牧,四川成都,923,畜牧业、教育,-36%,服务业
王德根、张强,先生,53,中国-四川,820.0,德康农牧,四川成都,923,畜牧业、教育,-36%,农业与食品
吴城,先生,未知,,820.0,国城,北京,923,矿业,-23%,能源与化工
吴凯庭,先生,未知,中国-福建-漳州,820.0,万利达,福建漳州,923,电子信息产品,-32%,科技与互联网
谢识才,先生,63,中国-浙江-杭州,820.0,博威合金,浙江宁波,923,合金材料,-3%,能源与化工
余海军,先生,50,中国-浙江-绍兴,820.0,宝利德,浙江杭州,923,汽车销售,-11%,服务业
周华松、吴文利,先生,58,,820.0,松霖科技,福建厦门,923,淋浴设备,16%,制造业
周文、郭艺群,先生,59,,820.0,普利特,上海青浦,923,塑料制造、汽车配件,-32%,制造业
陈学利、陈林,先生,73,,800.0,威高,山东威海,932,医疗器械,-43%,制造业
苏增福,先生,84,中国-浙江-台州,800.0,苏泊尔,浙江杭州,932,厨具、投资,-10%,制造业
苏增福,先生,84,中国-浙江-台州,800.0,苏泊尔,浙江杭州,932,厨具、投资,-10%,金融与投资
王富济,先生,未知,,800.0,片仔癀,福建漳州,932,医药,-24%,医疗健康
吴惠芳,先生,未知,中国-江苏-,800.0,永钢,江苏苏州,932,钢铁,-12%,能源与化工
吴永华,先生,54,中国-福建,800.0,安踏,福建厦门,932,体育用品,-12%,文化娱乐
钟培峰,先生,61,,800.0,晶晨股份,上海浦东,932,电子,-29%,科技与互联网
周俊杰,先生,56,,800.0,银都股份,浙江杭州,932,餐饮设备,-5%,服务业
刘姗姗,女士,未知,,790.0,摩尔线程,北京,939,半导体,0%,科技与互联网
陈妙林,先生,72,中国-浙江-杭州,770.0,开元旅业,浙江杭州,940,房地产,0%,房地产与建筑
陈清州、翁丽敏,先生,59,中国-福建-泉州,770.0,海能达,广东深圳,940,专业无线通信设备,-21%,科技与互联网
陈育宣、林德英,先生,58,中国-江西-九江,770.0,电连技术,广东深圳,940,电子元件连接器,-8%,科技与互联网
陈卓贤,先生,57,中国-广东-中山,770.0,雅居乐,广东广州,940,投资、房地产,-8%,房地产与建筑
陈卓贤,先生,57,中国-广东-中山,770.0,雅居乐,广东广州,940,投资、房地产,-8%,金融与投资
邓颖忠,先生,73,中国-广东,770.0,中顺洁柔,广东中山,940,生活用纸,-31%,消费品
郭振宇、KevinGuo,先生,61,中国-云南-昆明,770.0,贝泰妮,云南昆明,940,护肤品,-56%,消费品
何德佑,未知,未知,,770.0,嘉泽端子,台湾基隆,940,电子元件,NEW,制造业
何亚民,先生,67,中国-四川,770.0,利君股份,四川成都,940,机械制造,-25%,制造业
花轩德,先生,81,中国-浙江-台州,770.0,中贝九洲,浙江台州,940,医药,-48%,医疗健康
黄炳文,先生,70,,770.0,东风印刷,广东汕头,940,印刷,-21%,制造业
黄善兵,先生,68,,770.0,捷捷微电,江苏南通,940,半导体器件,10%,科技与互联网
黄婉茹,先生,未知,,770.0,联泰,广东汕头,940,基础建设、房地产,-8%,房地产与建筑
江淦钧,先生,60,中国-广东-广州,770.0,索菲亚,广东广州,940,家具,-15%,消费品
姜桂廷、宋桂花,先生,66,,770.0,景津环保,山东德州,940,设备制造,-31%,制造业
蒋锦志,先生,未知,,770.0,景林资产,上海浦东,940,投资,0%,金融与投资
金磊,先生,59,,770.0,长春高新,吉林长春,940,生物制药,-45%,医疗健康
黎经华,先生,62,,770.0,罗浮宫家居,广东佛山,940,家具零售,-8%,消费品
李建华、李晓奇,先生,71,中国-广东-梅州,770.0,威华,广东广州,940,地板,-8%,制造业
李文美、王继华,先生,62,中国-吉林-长春,770.0,万孚生物,广东广州,940,快速诊断试剂,-8%,医疗健康
李学凌,先生,51,,770.0,欢聚时代,广东深圳,940,游戏、语音软件,0%,科技与互联网
李缜、李晨,先生,60,,770.0,国轩高科,安徽合肥,940,电池、房地产、影视、投资,-19%,房地产与建筑
李缜、李晨,先生,60,,770.0,国轩高科,安徽合肥,940,电池、房地产、影视、投资,-19%,文化娱乐
李缜、李晨,先生,60,,770.0,国轩高科,安徽合肥,940,电池、房地产、影视、投资,-19%,制造业
李缜、李晨,先生,60,,770.0,国轩高科,安徽合肥,940,电池、房地产、影视、投资,-19%,金融与投资
林海川,先生,52,中国-广东-东莞,770.0,宏川,广东东莞,940,仓储物流,-31%,物流与交通
吕大龙,先生,未知,,770.0,韦尔股份,上海浦东,940,投资,-8%,金融与投资
马国林,先生,60,中国-浙江,770.0,卫星石化,浙江嘉兴,940,化工,6%,能源与化工
孟庆南,先生,66,中国-湖北,770.0,武汉凡谷,湖北武汉,940,通信设备元件,2%,科技与互联网
潘龙泉,先生,61,,770.0,泉峰,江苏南京,940,电动工具,-31%,制造业
彭浩,先生,57,中国-陕西-咸阳,770.0,信维通信,广东深圳,940,通信部件,4%,制造业
瞿晓铧、张含冰,先生,60,,770.0,阿特斯,江苏苏州,940,光伏设备,-31%,制造业
商晓波、邓烨芳,先生,50,中国-浙江-绍兴,770.0,鸿路钢构,安徽合肥,940,金属结构制造业,-48%,制造业
束小龙、董雪,先生,36,中国-安徽-合肥,770.0,老乡鸡,安徽合肥,940,餐饮,0%,服务业
孙永根,先生,53,中国-浙江-绍兴,770.0,天圣控股,浙江绍兴,940,化纤,-4%,能源与化工
汪东颖,先生,58,中国-甘肃-兰州,770.0,纳思达,广东珠海,940,打印设备,0%,制造业
王刚,先生,48,,770.0,满帮,贵州贵阳,940,物流,-8%,物流与交通
王坚,先生,62,,770.0,阿里系,浙江杭州,940,电子商务、金融科技,0%,科技与互联网
王坚,先生,62,,770.0,阿里系,浙江杭州,940,电子商务、金融科技,0%,金融与投资
王俊,先生,48,,770.0,碳云、华大基因,广东深圳,940,医疗大数据、基因检测,-8%,医疗健康
伍亚林、伍阿凤,先生,57,中国-福建-莆田,770.0,博俊科技,江苏苏州,940,汽车零部件,NEW,制造业
谢秉政、冯玲玲,先生,55,中国-浙江-温州,770.0,比音勒芬,广东广州,940,服装,-35%,消费品
杨文龙,先生,62,中国-江西-宜春,770.0,仁和药业,江西宜春,940,医药,-25%,医疗健康
姚文琛,先生,73,,770.0,姚记扑克,上海,940,文娱,-25%,文化娱乐
张学武,先生,50,,770.0,盐津铺子,湖南长沙,940,食品制造,-27%,制造业
张学政,先生,49,,770.0,闻泰科技,浙江嘉兴,940,半导体,-39%,科技与互联网
张镇潮,先生,57,,770.0,税友股份,浙江杭州,940,财税软件,-35%,科技与互联网
赵轶、徐昕,先生,48,中国-浙江,770.0,长川科技,浙江杭州,940,半导体设备,-15%,科技与互联网
郑元豹,先生,66,中国-浙江-温州,770.0,人民电器,浙江温州,940,工业电器、房地产、投资,-8%,房地产与建筑
郑元豹,先生,66,中国-浙江-温州,770.0,人民电器,浙江温州,940,工业电器、房地产、投资,-8%,制造业
郑元豹,先生,66,中国-浙江-温州,770.0,人民电器,浙江温州,940,工业电器、房地产、投资,-8%,金融与投资
钟声坚,先生,66,中国-广东-汕尾,770.0,仁恒,上海浦东,940,房地产,-21%,房地产与建筑
周光平,先生,未知,,770.0,小米,北京,940,智能硬件与技术、投资,NEW,科技与互联网
周光平,先生,未知,,770.0,小米,北京,940,智能硬件与技术、投资,NEW,金融与投资
周剑,先生,48,,770.0,迈为股份,江苏苏州,940,智能制造装备,-50%,制造业
杜越新,先生,未知,,760.0,嘉德,北京,987,投资、拍卖,6%,金融与投资
耿殿根,先生,68,,760.0,光环新网,北京,987,电信运营,-14%,科技与互联网
卢荣富,先生,53,,760.0,亿联网络,福建厦门,987,通信,-10%,科技与互联网
徐子泉、康宁,先生,66,,760.0,捷成,北京,987,软件与信息服务,-11%,科技与互联网
奥凤廷,先生,65,,750.0,蒙泰,内蒙古鄂尔多斯,991,煤炭、热电、铝合金,NEW,能源与化工
代田田,先生,41,,750.0,柏楚电子,上海闵行,991,信息技术,-12%,科技与互联网
丁水波,先生,54,中国-福建-泉州,750.0,特步,福建厦门,991,体育用品,-27%,文化娱乐
刘满世,先生,75,中国-内蒙古,750.0,满世,内蒙古鄂尔多斯,991,煤炭,6%,能源与化工
邱达强,先生,62,中国-香港,750.0,富地石油,香港,991,石油化工,-4%,能源与化工
施清岛,先生,59,,750.0,台华新材,浙江嘉兴,991,纺织材料,-4%,消费品
吴英,先生,60,,750.0,美畅,陕西咸阳,991,新材料,-52%,制造业
谢可滔,先生,60,,750.0,中教,香港,991,教育,-18%,服务业
熊晓鸽,先生,69,中国-湖南-湘潭,750.0,IDG资本,北京,991,投资,6%,金融与投资
徐小平,先生,68,中国-江苏-泰兴,750.0,真格,北京,991,投资,6%,金融与投资
徐勇,先生,60,中国-河南,750.0,百度,北京,991,网络信息服务,-41%,科技与互联网
阎焱,先生,67,中国-安徽-安庆,750.0,赛富,北京,991,投资,6%,金融与投资
于果,先生,62,,750.0,中教,香港,991,教育,-18%,服务业
庄辰超,先生,48,中国-上海,750.0,斑马投资,北京,991,投资,6%,金融与投资
冯陟旻,未知,未知,,730.0,冬海集团,新加坡,1005,网络游戏、电商,NEW,科技与互联网
傅梅城,先生,67,中国-浙江-杭州,730.0,华策影视,浙江杭州,1005,影视传媒,-12%,文化娱乐
李立新,先生,57,中国-浙江,730.0,利时,浙江宁波,1005,塑胶产品、商业连锁、投资,-13%,能源与化工
李立新,先生,57,中国-浙江,730.0,利时,浙江宁波,1005,塑胶产品、商业连锁、投资,-13%,金融与投资
刘海燕,先生,未知,中国-四川,730.0,大陆希望,四川成都,1005,机械电气、能源化工、房地产,-10%,房地产与建筑
刘海燕,先生,未知,中国-四川,730.0,大陆希望,四川成都,1005,机械电气、能源化工、房地产,-10%,能源与化工
袁金华,先生,65,,730.0,三一,北京,1005,重型机械,-19%,制造业
朱义文、朱剑乔,先生,未知,,730.0,海吉亚,上海长宁,1005,肿瘤检测,-50%,医疗健康
胡季强,先生,63,中国-浙江,720.0,康恩贝,浙江杭州,1011,医药,-11%,医疗健康
彭翼捷,先生,45,,720.0,阿里系,浙江杭州,1011,电子商务、金融科技,-6%,科技与互联网
彭翼捷,先生,45,,720.0,阿里系,浙江杭州,1011,电子商务、金融科技,-6%,金融与投资
涂建华,先生,55,,720.0,广联达,北京,1011,软件与信息服务,-9%,科技与互联网
王振滔、王晨,先生,59,中国-浙江-温州,720.0,奥康,浙江温州,1011,鞋业、地产,-16%,房地产与建筑
王振滔、王晨,先生,59,中国-浙江-温州,720.0,奥康,浙江温州,1011,鞋业、地产,-16%,消费品
尤小华,先生,未知,,720.0,华峰,浙江温州,1011,化工、铝业、投资,2%,能源与化工
尤小华,先生,未知,,720.0,华峰,浙江温州,1011,化工、铝业、投资,2%,金融与投资
周明华,先生,60,中国-浙江,720.0,华海药业,浙江台州,1011,医药,2%,医疗健康
周云杰,先生,63,,720.0,奥瑞金,北京,1011,包装,-2%,制造业
孙荫环,先生,74,中国-辽宁,710.0,亿达,辽宁大连,1018,房地产、软件园,0%,房地产与建筑
孙荫环,先生,74,中国-辽宁,710.0,亿达,辽宁大连,1018,房地产、软件园,0%,科技与互联网
安治富,先生,78,中国-四川,700.0,富临,四川绵阳,1019,房地产、运输,-19%,房地产与建筑
安治富,先生,78,中国-四川,700.0,富临,四川绵阳,1019,房地产、运输,-19%,物流与交通
蔡浩、杨雪艳,先生,53,,700.0,中信博,江苏苏州,1019,光伏设备,NEW,制造业
曹建伟,先生,46,,700.0,晶盛机电,浙江绍兴,1019,机电设备,-57%,制造业
曹克坚,先生,62,中国-浙江,700.0,开山控股,浙江衢州,1019,压缩机,-38%,制造业
车冯升,先生,62,中国-山东,700.0,四环医药,北京,1019,医药,-6%,医疗健康
陈刚、欧春连,先生,56,,700.0,爱旭股份,上海浦东,1019,太阳能电池,-62%,制造业
陈建造,未知,未知,,700.0,宝雅,台湾台南,1019,美妆日用品连锁店,NEW,服务业
陈茂春,先生,72,中国-福建-宁德,700.0,兴华财富,河北邯郸,1019,钢铁,0%,能源与化工
陈小英,先生,48,中国-浙江-杭州,700.0,申通快递,上海青浦,1019,物流,0%,物流与交通
陈育新、赵桂琴,先生,74,中国-四川,700.0,华西希望,四川成都,1019,畜牧业、教育,-9%,服务业
陈育新、赵桂琴,先生,74,中国-四川,700.0,华西希望,四川成都,1019,畜牧业、教育,-9%,农业与食品
崔维星,先生,54,中国-山东-潍坊,700.0,德邦快递,上海青浦,1019,快递,0%,物流与交通
戴立忠,先生,56,中国-北京,700.0,圣湘生物,湖南长沙,1019,医药制造业,NEW,制造业
戴震,先生,46,中国-吉林-白城,700.0,能链,山东青岛,1019,充电服务,-9%,服务业
单建明、鲍凤娇,先生,64,中国-浙江-湖州,700.0,美欣达,浙江湖州,1019,纺织、房地产、投资,-15%,房地产与建筑
单建明、鲍凤娇,先生,64,中国-浙江-湖州,700.0,美欣达,浙江湖州,1019,纺织、房地产、投资,-15%,消费品
单建明、鲍凤娇,先生,64,中国-浙江-湖州,700.0,美欣达,浙江湖州,1019,纺织、房地产、投资,-15%,金融与投资
丁佐宏,先生,62,中国-江苏-南通,700.0,月星,上海普陀,1019,房地产、零售、制造,-17%,房地产与建筑
丁佐宏,先生,62,中国-江苏-南通,700.0,月星,上海普陀,1019,房地产、零售、制造,-17%,服务业
丁佐宏,先生,62,中国-江苏-南通,700.0,月星,上海普陀,1019,房地产、零售、制造,-17%,制造业
方展城,先生,未知,,700.0,海天味业,广东佛山,1019,调味品,NEW,农业与食品
冯小华,先生,68,中国-广东-梅州,700.0,洋浦南华糖业,广西南宁,1019,制糖业,-17%,制造业
付胜龙,先生,62,中国-湖南-邵阳,700.0,大汉控股,湖南邵阳,1019,钢材贸易、房地产,-29%,房地产与建筑
付胜龙,先生,62,中国-湖南-邵阳,700.0,大汉控股,湖南邵阳,1019,钢材贸易、房地产,-29%,物流与交通
黄伟常,先生,73,中国-香港,700.0,六福,香港,1019,珠宝零售,-9%,消费品
纪海鹏,先生,57,中国-广东-汕头,700.0,龙光地产,广东深圳,1019,房地产,-17%,房地产与建筑
江黎明,先生,未知,中国-湖北-武汉,700.0,利泰,广东佛山,1019,汽车经销,-23%,制造业
蒋锡培、蒋承志,先生,61,中国-江苏-无锡,700.0,智慧能源,江苏无锡,1019,电缆、医药、房地产,-23%,房地产与建筑
蒋锡培、蒋承志,先生,61,中国-江苏-无锡,700.0,智慧能源,江苏无锡,1019,电缆、医药、房地产,-23%,能源与化工
蒋锡培、蒋承志,先生,61,中国-江苏-无锡,700.0,智慧能源,江苏无锡,1019,电缆、医药、房地产,-23%,医疗健康
柯建生,先生,60,,700.0,索菲亚,广东广州,1019,家具,NEW,消费品
李俊田,先生,49,,700.0,汇川技术,广东深圳,1019,工业自动化产品,-32%,制造业
李完小,先生,58,中国-湖南-长沙,700.0,航天环宇,湖南长沙,1019,航空设备,-38%,物流与交通
李志刚,先生,48,,700.0,帝尔激光,湖北武汉,1019,设备制造,-17%,制造业
林伯实,先生,79,中国-台湾-台北,700.0,台玻,台湾台北,1019,建筑玻璃,-12%,房地产与建筑
林鸿明,未知,未知,,700.0,信骅科技,台湾新竹,1019,半导体,NEW,科技与互联网
林集永,先生,54,中国-广东-惠阳,700.0,慕思,广东东莞,1019,床垫,-23%,制造业
林晓辉、苏娇华,先生,51,,700.0,伟禄,香港,1019,投资、房地产,0%,房地产与建筑
林晓辉、苏娇华,先生,51,,700.0,伟禄,香港,1019,投资、房地产,0%,金融与投资
刘国伟,先生,52,,700.0,汇川技术,广东深圳,1019,工业自动化产品,-33%,制造业
刘冀鲁、刘凌云,先生,77,中国-安徽,700.0,顺丰,广东深圳,1019,快递,-9%,物流与交通
鲁卫东,先生,59,,700.0,鄂尔多斯,内蒙古鄂尔多斯,1019,羊绒、煤电、冶金、房地产,-4%,能源与化工
鲁卫东,先生,59,,700.0,鄂尔多斯,内蒙古鄂尔多斯,1019,羊绒、煤电、冶金、房地产,-4%,房地产与建筑
鲁卫东,先生,59,,700.0,鄂尔多斯,内蒙古鄂尔多斯,1019,羊绒、煤电、冶金、房地产,-4%,消费品
马飞、黄峥,先生,56,中国-广东-河源,700.0,飞荣达,广东深圳,1019,电子元件,-6%,制造业
阙伟东,先生,56,,700.0,确成股份,江苏无锡,1019,化工,NEW,能源与化工
沈国荣,先生,未知,,700.0,国电南瑞,江苏南京,1019,电网自动化,NEW,科技与互联网
孙洪军,先生,51,中国-辽宁-铁岭,700.0,艾为电子,上海,1019,芯片,-32%,科技与互联网
孙雁军,未知,未知,,700.0,飞南资源,广东佛山,1019,金属回收,NEW,能源与化工
陶春风,先生,57,,700.0,长鸿高科,浙江宁波,1019,高分子材料,-19%,能源与化工
陶意,先生,未知,,700.0,波克,上海,1019,游戏,-41%,科技与互联网
田刚印,未知,未知,,700.0,联合飞机,广东深圳,1019,航天,NEW,科技与互联网
万永兴,先生,53,,700.0,中瑞,河南郑州,1019,煤炭供应链管理、房地产,-21%,房地产与建筑
万永兴,先生,53,,700.0,中瑞,河南郑州,1019,煤炭供应链管理、房地产,-21%,能源与化工
王兵、赵文君,先生,42,中国-山东-东营,700.0,十月稻田,北京,1019,食品,NEW,农业与食品
王炳坤,先生,52,中国-广东-东莞,700.0,慕思,广东东莞,1019,床垫,-23%,制造业
王春生、吕莉,先生,49,,700.0,安洁科技,江苏苏州,1019,消费电子组件,NEW,科技与互联网
王力展,先生,未知,,700.0,海天味业,广东佛山,1019,调味品,NEW,农业与食品
王念强,先生,60,中国-安徽-铜陵,700.0,比亚迪,广东深圳,1019,汽车、充电电池,NEW,能源与化工
王念强,先生,60,中国-安徽-铜陵,700.0,比亚迪,广东深圳,1019,汽车、充电电池,NEW,制造业
王晓申,先生,56,,700.0,赣锋锂业,江西新余,1019,有色金属冶炼加工,-33%,能源与化工
王张兴,先生,57,中国-浙江-绍兴,700.0,城市地产,上海浦东,1019,房地产、投资,0%,房地产与建筑
王张兴,先生,57,中国-浙江-绍兴,700.0,城市地产,上海浦东,1019,房地产、投资,0%,金融与投资
韦锦坤、韦利东,先生,71,,700.0,泛微网络,上海闵行,1019,计算机技术,-47%,科技与互联网
文剑平,先生,62,中国-湖南,700.0,碧水源,北京,1019,污水处理,-12%,服务业
吴亦圭,先生,72,中国-台湾,700.0,台聚,台湾台北,1019,化工,-17%,能源与化工
谢卓明,未知,未知,,700.0,旭隼,台湾台北,1019,电气设备,NEW,制造业
徐国忠,先生,61,,700.0,江苏国茂,江苏常州,1019,设备制造,-47%,制造业
徐明星,先生,39,,700.0,欧科云链,北京,1019,区块链,0%,科技与互联网
杨建良,先生,55,,700.0,弘元绿能,江苏无锡,1019,光伏设备,-63%,制造业
杨龙忠,先生,58,中国-江西-上饶,700.0,比亚迪,广东深圳,1019,汽车、充电电池,-9%,能源与化工
杨龙忠,先生,58,中国-江西-上饶,700.0,比亚迪,广东深圳,1019,汽车、充电电池,-9%,制造业
姚雄杰,先生,未知,中国-福建-龙岩,700.0,盛屯,广东深圳,1019,锂电新能源材料,-32%,制造业
叶华能,先生,73,中国-广东-梅州,700.0,宝丽华,广东广州,1019,新能源,0%,能源与化工
叶继跃、张桂玉,先生,57,中国-浙江,700.0,三维股份,浙江台州,1019,橡胶制品,-24%,能源与化工
俞德超,先生,60,中国-浙江-台州,700.0,信达生物,江苏苏州,1019,生物医药,NEW,医疗健康
袁金钰,先生,68,,700.0,顺络电子,广东深圳,1019,新型电子元件,0%,科技与互联网
袁帅,先生,37,,700.0,莉莉丝,上海,1019,游戏,-9%,科技与互联网
袁永彬、潘禾佳,先生,62,,700.0,伯特利,安徽芜湖,1019,汽车零部件,-24%,制造业
张昊,先生,37,,700.0,莉莉丝,上海,1019,游戏,-9%,科技与互联网
张瑞安,先生,49,,700.0,乐鑫科技,上海浦东,1019,芯片,NEW,科技与互联网
张天瑜,先生,57,,700.0,广和通,广东深圳,1019,通信设备,-33%,制造业
张伟,先生,67,,700.0,热威股份,浙江杭州,1019,热电元件,-21%,制造业
赵贵钦,未知,未知,,700.0,润本股份,广东广州,1019,日化用品,NEW,消费品
赵玉乔,先生,未知,中国-河北-迁安,700.0,九江,河北迁安,1019,钢铁、酒店,-17%,服务业
赵玉乔,先生,未知,中国-河北-迁安,700.0,九江,河北迁安,1019,钢铁、酒店,-17%,能源与化工
郑效东、郑可青,先生,60,,700.0,东富龙,上海闵行,1019,医疗设备,-38%,制造业
钟怀军,先生,60,中国-四川-阿坝,700.0,紫燕食品,上海闵行,1019,食品,-33%,农业与食品
周儒欣、周光宇,先生,61,中国-北京,700.0,北斗星通,北京,1019,卫星导航设备,-14%,制造业
周文起,先生,未知,,700.0,华北,天津,1019,铜业、房地产,0%,房地产与建筑
周文起,先生,未知,,700.0,华北,天津,1019,铜业、房地产,0%,能源与化工
周晓峰、张松梅,先生,55,,700.0,宁波华翔,浙江宁波,1019,汽车零配件,-9%,制造业
朱兴良,先生,65,中国-江苏-苏州,700.0,金螳螂,江苏苏州,1019,建筑,-23%,房地产与建筑
